ENODEB_NAME,Latitude,Longitude
LTE_Zemeni_MTN_DN_KZN,-30.17025,30.5958888888889
LTE_Mawella_Ch_MTN_DN_KZN,-30.129778,30.699306
LTE_Siyabonga_Frm_MTN_DN_KZN,-30.309472,30.51475
LTE_Eendvogel_Farm_DN_KZN,-28.514458,29.73813
LTE_Mntogotha_DN_KZN,-29.638056,30.229972
RAN_Mafakathini_KZN,-29.653111,30.115778
RAN_Ntembeni_KZN,-29.681889,30.202306
RAN_Corner_House_A_KZN,-29.697167,30.141639
RAN_Corner_House_B_KZN,-29.697167,30.141639
LTE_Cave_Rock_ATC_DN_KZN,-29.902228212,31.034495183
LTE_Tongaat_N2_Toll_DN_KZN,-29.58251623,31.143505959
RAN_DV_Harris_MTN_KZN,-29.5559666666667,30.3250055555556
LTE_Nhluthela_KZN,-29.668722,30.252722
LTE_Catherine_Booth_DN_KZN,-28.986833,31.478306
LTE_Mbuyeni_DN_KZN,-29.614139,30.913639
RAN_Ekuthuleni_KZN,-28.688361,31.41375
RAN_Suncoast_Hotel_KZN,-29.8367777777778,31.0347222222222
RAN_Alberlito_KZN,-29.530722,31.202361
RAN_Blackburn_ATC_KZN,-29.705701833,31.06920824
RAN_Umhlanga_Hospital_KZN,-29.72861,31.069079
LTE_Umhlanga_Hospital_B_DN_KZN,-29.72861,31.069079
RAN_Westway_KZN,-29.85075,30.931111
LTE_Emmaus_Hospital_KZN,-28.852667,29.379111
RAN_Royal_Palm_MTN_KZN,-29.724896,31.068055
RAN_Scottburgh_Mall_KZN,-30.2944166666667,30.7411388888889
LTE_Kwajali_DN_KZN,-30.6665555555556,29.7242777777778
LTE_Munster_DN_KZN,-31.001528,30.252083
LTE_Vryheid_Sentech_DN_KZN,-27.7412138888889,30.7935638888889
RAN_Savannah_Park_Combined_Schl_Atlas_KZN,-29.8822,30.841461
LTE_Kingscliffe_Smarket_MTN_DN_KZN,-29.404249,30.8497505
LTE_Maduladula_DN_KZN,-28.199528,30.78425
LTE_Arbor_Glades_MTN_DN_KZN,-31.044917,30.221583
RAN_Sweetwaters_ATC_KZN,-29.599917,30.288667
RAN_Eastwood_ATC_KZN,-29.579583,30.429472
LTE_Boulevard_DN_KZN,-30.860843,30.371274
RAN_Brackenhill_Rd_KZN,-29.738026,30.799725
RAN_Mpofana_KZN,-28.793306,30.485528
LTE_Malunga_DN_KZN,-28.555861,30.901972
RAN_Ngoje_KZN,-28.596972,30.870167
LTE_KwaMagwaza_DN_KZN,-28.6338888888889,31.345
RAN_Stanger_Pper_Mill_KZN,-29.363749,31.296916
RAN_Ebombvini_MTN_KZN,-28.785554,31.856945
RAN_Gcotsheni_KZN,-29.034722,31.332361
LTE_Mushane_DN_KZN,-29.211,31.136056
RAN_Masoyi_MTN_KZN,-28.306694,29.863556
RAN_Eastwood_MTN_KZN,-29.5889,30.4266
RAN_Ncinci_JP_Sch_MTN_KZN,-29.82270719,30.626368811
LTE_Ilangwe_DN_KZN,-28.722,31.371833
RAN_Queensmead_Ind_ATC_KZN,-29.89319,30.903247
LTE_The_Point_MTN_DN_KZN,-30.355167,30.432889
RAN_Luthuli_Pri_MTN_KZN,-30.502861,30.59725
RAN_Le_Shac_KZN,-30.791312,30.419557
RAN_Tholeni_MTN_KZN,-28.447417,30.241083
LTE_Enyokeni_DN_KZN,-27.934083,31.483139
LTE_Oqaqeni_MTN_DN_KZN,-29.632639,30.63425
RAN_Beverley_Hills_CC_KZN,-29.836592,30.933813
RAN_Exxaro_Mines_MTN_KZN,-28.825254,31.942698
RAN_Gobandlovu_Hl_MTN_KZN,-28.8521666666667,31.9055555555556
LTE_Shelly_Beach_Cntr_DN_KZN,-30.81110516,30.409253847
LTE_Umhlanga_Sands_Int_DN_KZN,-29.720616095,31.089864163
LTE_Table_Mt_DN_KZN,-29.5769444444444,30.5633333333333
RAN_Phobane_Lake_KZN,-28.775278,31.4713897
RAN_Albersville_MTN_KZN,-30.7241666666667,30.4363888888889
RAN_NG_Kerk_MTN_KZN,-30.746932,30.440567
RAN_Ncotchane_KZN,-27.3525,31.5750007
LTE_Manyesini_DN_KZN,-26.9171388888889,32.02875
RAN_Shortlands_ATC_KZN,-29.609472,31.085167
LTE_Bushlands_DN_KZN,-28.079027,32.3005561
LTE_Glotoi_DN_KZN,-28.8608333333333,30.8553333333333
LTE_Nikiya_Nikiya_DN_KZN,-28.474445,32.0252761
LTE_Dube_Ridge_DN_KZN,-28.604166,31.8352775
LTE_Nkwazene_DN_KZN,-28.529167,31.959999
RAN_Myro_Dr_KZN,-29.878626,30.974153
RAN_Ethekwini_H_H_Cnt_KZN,-29.7776666666667,30.9960277777778
RAN_Phembisizwe_High_Atlas_KZN,-29.734172,30.934317
RAN_Fort_Pearson_Ests_KZN,-29.21629,31.43241
LTE_Lamont_Hill_MTN_KZN,-30.862222,30.286444
RAN_Royal_Durban_KZN,-29.859374,31.025943
RAN_Selbourne_KZN,-30.373056,30.6758327
RAN_Sea_Cow_Lake_KZN,-29.8071944444444,31.0085833333333
LTE_Somopho_DN_KZN,-28.7007222222222,31.8417777777778
RAN_Greenwood_Park_ATC_KZN,-29.777444,31.021611
RAN_Georgetown_Dect_Mast_KZN,-29.64510056,30.274699974
LTE_Star_Mission_DN_KZN,-26.95581,32.75952
LTE_Knostrope_Pass_DN_KZN,-28.3734722222222,30.5011583333333
RAN_Nkwankwini_MTN_KZN,-28.6454166666667,30.3931666666667
RAN_Hyde_Park_MTN_KZN,-29.3166666666667,31.3711111111111
RAN_Langholm_Farm_MTN_KZN,-29.2072,29.972
RAN_Ocilwane_MTN_KZN,-28.4122222222222,31.9905555555556
RAN_Willowton_ATC_KZN,-29.625599,30.428267
RAN_PMB_Royal_Sgs_KZN,-29.591667,30.373889
RAN_Ingeli_Forest_Ldg_KZN,-30.539506,29.685272
RAN_Isipingo_Beach_KZN,-29.9977777777778,30.9478333333333
LTE_Amazion_Lodge_DN_KZN,-29.878962,29.579687
RAN_Mandige_KZN,-29.144589,31.551093
RAN_49_Makhosazane_Cres_MTN_KZN,-30.0013424,30.82623168
RAN_Winston_Park_MTN_KZN,-29.794304,30.782817
LTE_Nondela_Temp_DN_KZN,-28.5877777777778,29.2081388888889
RAN_Newtown_PMB_KZN,-29.680506,30.29468
LTE_Ophuzane_DN_KZN,-27.4815,30.9377
RAN_Golela_MTN_KZN,-27.3176111111111,31.8897777777778
RAN_Ferrum_High_Schl_Atlas_KZN,-27.734796,29.947911
RAN_Marine_Dr_North_KZN,-29.9006472222222,31.0381
LTE_Little_Swtzerland_DN_KZN,-28.5797777777778,29.05125
LTE_Ezakheni_WT_DN_KZN,-28.5955,29.9268055555556
RAN_Spillers_Wharf_KZN,-30.7297222222222,30.4516666666667
LTE_Kromhoek_2_DN_KZN,-30.357834,29.988901
LTE_Malizwayo_DN_KZN,-30.0505277777778,30.47525
RAN_Mount_West_MTN_KZN,-29.2450833333333,30.12275
RAN_Montclair_North_MTN_KZN,-29.9153222222222,30.9556527777778
LTE_Oakbrook_MTN_DN_KZN,-29.3645277777778,29.9754722222222
RAN_Spioenkop_Lodge_KZN,-28.69675,29.5384444444444
LTE_Kamberg_Valley_DN_KZN,-29.2948611111111,29.7126944444444
LTE_Steadville_Atlas_DN_KZN,-28.571881,29.832492
LTE_Newcastle_Prvt_Hp_DN_KZN,-27.7680555555556,29.9313888888889
LTE_Fikesuthi_Mt_DN_KZN,-29.8134166666667,29.9117777777778
LTE_Kenterton_DN_KZN,-30.255,30.395
LTE_Cophela_MTN_DN_KZN,-30.6450805555556,30.4218722222222
LTE_Mswilili_DN_KZN,-30.5405277777778,30.4057777777778
RAN_KwaLulwane_KZN,-27.0443888888889,32.28875
LTE_Mialazi_MTN_DN_KZN,-28.848749,31.4928054
RAN_Itshodo_MTN_KZN,-28.0211666666667,31.5656944444444
RAN_Dawn_Park_ATC_KZN,-29.783599,30.975001
RAN_Peter_Rd_ATC_KZN,-29.7997222222222,30.9880555555556
RAN_Southgate_ATC_KZN,-29.7327777777778,31.0275
RAN_Riverside_ATC_KZN,-29.8015,31.02175
RAN_Valdin_Heights_ATC_KZN,-29.6555555555556,31.055
RAN_Pongola_Town_ATC_KZN,-27.3796944444444,31.6283333333333
LTE_RBM_Hub_MTN_DN_KZN,-28.714631,32.183139
RAN_20Dr_GordonRd_KZN,-29.0737222222222,30.5981944444444
RAN_Thulani_Farm_MTN_KZN,-29.4995,31.1898333333333
RAN_Bozas_Cottage_MTN_KZN,-28.75923,31.88868
RAN_Stanger_Transtel_KZN,-29.3423611111111,31.2958888888889
RAN_Ngedle_KZN,-27.3835833333333,31.5734444444444
LTE_Mboza_DN_KZN,-27.180084,32.2704734
RAN_Vimbisikhale_KZN,-27.935556,31.6661109
LTE_Kwajobe_DN_KZN,-27.541027,32.3099708
LTE_Madonela_DN_KZN,-27.342472,32.2633895
RAN_Nenge_KZN,-27.886667,31.545
LTE_Kwankosana_DN_KZN,-28.7959444444444,29.1735555555556
RAN_Aviary_Hill_KZN,-27.71775,29.91948
LTE_Kwamame_DN_KZN,-28.155776,31.4769725
LTE_Chakide_Store_DN_KZN,-29.4798055555556,30.4343333333333
RAN_Commercial_Rd_KZN,-29.6016666666667,30.3784444444444
LTE_The_Bend_DN_KZN,-29.366278,29.857306
RAN_Sunnydale_Sec_Schl_ATC_KZN,-28.888908,31.483611
RAN_Victoria_Rd_Office_Park_MTN_KZN,-29.6066388888889,30.3595277777778
LTE_Ntayiyane_Hill_DN_KZN,-28.7262666666667,30.5622916666667
LTE_Emfihlweni_DN_KZN,-26.9720277777778,32.6090277777778
LTE_Bhekabantu_DN_KZN,-26.9693888888889,32.3274722222222
LTE_Welkom_Farm_DN_KZN,-28.3027777777778,29.4994444444444
RAN_Mkuze_Falls_KZN,-27.6729583333333,31.669275
LTE_Phinda_Mziki_DN_KZN,-27.8192777777778,32.2858055555556
LTE_Dumisa_MTN_DN_KZN,-30.2575,30.4225
LTE_Glencoe_Municipal_MTN_DN_KZN,-28.1786111111111,30.1541666666667
RAN_Amajuba_High_Atlas_KZN,-27.733206,29.961448
LTE_Ndwedwe_Vill_MTN_DN_KZN,-29.538333,30.90825
RAN_Newcastle_Church_Atlas_KZN,-27.725058,29.972772
RAN_Welbedacht_ATC_KZN,-29.9160555555556,30.8404722222222
LTE_Century_Casino_DN_KZN,-27.7807777777778,29.9463333333333
RAN_Verulam_East_KZN,-29.664775,31.07016
LTE_Ramnarian_St_MTN_DN_KZN,-29.574444,31.010361
LTE_Lot137_FifeRd_MTN_DN_KZN,-31.052853,30.226046
RAN_Monteseel_WT_KZN,-29.740989,30.682481
RAN_Bamboo_Lane_KZN,-29.82073,30.870506
RAN_Bothas_Hill_ATC_KZN,-29.7488888888889,30.7422777777778
RAN_Meerensee_East_KZN,-28.7861111111111,32.1078611111111
RAN_Point_Rd_KZN,-29.866893,31.040957
RAN_Gillespie_Str_KZN,-29.85872125,31.03871935
LTE_Dargle_DN_KZN,-29.5122416666667,30.0560388888889
LTE_Patricia_Hill_ATC_DN_KZN,-27.8888888888889,30.129
LTE_Dicks_ATC_DN_KZN,-27.7469722222222,30.0905555555556
RAN_Mpophomeni_KZN,-29.5841388888889,30.1890833333333
RAN_Dunveria_ATC_KZN,-29.5566666666667,30.4186111111111
RAN_Galleria_Int_KZN,-30.0345138888889,30.8990277777778
LTE_Bergville_Silo_DN_KZN,-28.7284166666667,29.3460555555556
RAN_Bev_Hills_Hotel_1_KZN,-29.727222,31.087583
RAN_Brickhill_Rd_KZN,-29.85293647,31.03542887
LTE_Chmpgn_Sprts_Rsrt_DN_KZN,-28.9999722222222,29.4695277777778
RAN_Veld_en_Vlei_Church_Atlas_KZN,-28.747978,32.06305
LTE_Wembezi_MTN_DN_KZN,-29.0653833333333,29.7856527777778
RAN_Escombe_ATC_KZN,-29.87743,30.907998
RAN_Fairmont_Hotel_MTN_KZN,-29.562714,31.190472
LTE_Ingwadini_Hill_MTN_DN_KZN,-30.156972,30.590667
RAN_Silver_Svce_MTN_KZN,-29.9227777777778,30.9825
RAN_Masihambisane_Prim_Atlas_KZN,-27.7903,30.1424
RAN_M41_CP1_KZN,-29.744498,31.068063
RAN_Lotus_Supermarket_KZN,-29.57244,30.3914
RAN_Kloof_Wtr_Res_MTN_KZN,-29.7892,30.82929
RAN_Cromwell_Rd_KZN,-29.863,30.9956388888889
LTE_Wildcoast_Sun_DN_KZN,-31.08688775,30.186092185
LTE_Vodacom_Shop_Musgrave_pCell_DN_KZN,-29.8486593,30.9968573
RAN_Mobeni_Meth_MTN_KZN,-29.930276,30.939167
RAN_Nwabi_High_KZN,-29.944794,30.79033
LTE_Vodacom_Shop_Phoenix_pCell_DN_KZN,-29.7017819,31.0055336
LTE_Paulpietersburg_Central_DN_KZN,-27.426694,30.817943
RAN_CampsDriftPMB_MTN_KZN,-29.6305833333333,30.367
LTE_Mndozo_DN_KZN,-27.69944,30.2775
RAN_Pinetown_South_KZN,-29.819825,30.854095
RAN_Pinetown_West_KZN,-29.815737,30.858029
RAN_Mahatma_Gandhi_Rd_KZN,-29.861134,31.037896
RAN_Trenance_Park_ATC_KZN,-29.651583,31.003611
RAN_Ridgeside_Vodacom_KZN,-29.7378611111111,31.06925
RAN_Scottburgh_North_KZN,-30.285236,30.75509
LTE_The_Oval_Vodashop_DN_KZN,-28.557516,29.782088522
RAN_Stamford_Hill_ATC_KZN,-29.83437907,31.02497694
LTE_The_Crescent_ATC_DN_KZN,-29.7251111111111,31.0608611111111
RAN_Esidweni_KZN,-29.953524,30.824092
RAN_Umlazi_V_CC_KZN,-29.95494,30.932317
RAN_Bartle_Rd_KZN,-29.89009,30.97997
RAN_121_Wkant_Rd_MTN_KZN,-29.796296,31.040449
RAN_Wentworth_Sec_MTN_KZN,-29.95006,30.973941
LTE_WildCoast_Int_MTN_DN_KZN,-31.085695,30.188152
RAN_Windermere_KZN,-29.839621,31.02086
RAN_Belivista_KZN,-29.543569,31.214452
RAN_Arbuckle_KZN,-29.82878961,31.02655572
LTE_Phondwana_Hlb_MTN_DN_KZN,-27.7861111111111,31.0461111111111
LTE_Swart_Mfolozi_MTN_DN_KZN,-27.8927777777778,31.1036111111111
RAN_Mtuba_Taxi_KZN,-28.412494,32.185936
LTE_Zimpondweni_DN_KZN,-29.56,30.824194
LTE_Hilton_Durban_DN_KZN,-29.852273,31.028805
RAN_Cornubia_East_KZN,-29.7095833333333,31.0629111111111
RAN_Osizweni_Fuels_Atlas_KZN,-27.78,30.129955
LTE_Sizamokuhle_Prim_Atlas_DN_KZN,-27.763509,30.112922
LTE_Mimosadale_Atlas_DN_KZN,-29.034528,29.91651
LTE_Fairmont_Hotel_DN_KZN,-29.562765,31.190419
LTE_Matata_DN_KZN,-29.572333,30.959472
LTE_Nottingham_Rd_Water_Tower_DN_KZN,-29.351267,30.00236
LTE_Ridgeside_Park_2_DN_KZN,-29.737959,31.0692609
LTE_Voda_Shop_Empangeni_DN_KZN,-28.74098175,31.890922798
LTE_Nhlangakazi_DN_KZN,-29.461028,30.866611
RAN_Ensimbini_North_MTN_KZN,-29.9889,30.8601
RAN_Sandakahle_Primary_MTN_KZN,-29.9544,30.9252
LTE_Bedford_Dam_DN_KZN,-28.2630916666667,29.584425
LTE_Montebello_DN_KZN,-29.449,30.809889
RAN_Bilanyoni_KZN,-27.3897777777778,30.9548055555556
LTE_Bhadeni_DN_KZN,-27.4782777777778,31.06625
RAN_Village_Market_KZN,-29.8269444444444,30.9305555555556
LTE_Tholulywazi_ATC_DN_KZN,-27.325138,31.4566669
LTE_Magongolo_DN_KZN,-29.456444,30.968806
LTE_Belfort_Supermarket_KZN,-29.55145,30.38793
LTE_eGqumeni_ATC_DN_KZN,-28.3215,30.7314722222222
LTE_KwaMsane_DN_KZN,-28.4441666666667,32.1397222222222
LTE_Sundunbili_North_DN_KZN,-29.115222,31.3950557
LTE_Nkatha_DN_KZN,-28.39,32.1247222222222
RAN_Bhungwane_KZN,-28.158166,31.579195
RAN_Amandalathi_Store_KZN,-30.1552777777778,30.5172222222222
LTE_Msunduze_DN_KZN,-29.518972,30.973778
LTE_Angora_Hill_DN_KZN,-27.9844444444444,30.1080555555556
LTE_Fairbreeze_NWC_DN_KZN,-27.8843055555556,30.2410833333333
LTE_Goodin_Dect_DN_KZN,-27.9844722222222,30.1339166666667
LTE_Inhabamkhosi_DN_KZN,-29.528167,31.020333
RAN_Scottsville_Mall_KZN,-29.61617957,30.395526878
RAN_Wdstck_Frm_MTN_KZN,-28.72155,29.25778
RAN_Golokodo_Ensimbini_Kopano_KZN,-30.011819,30.8417
RAN_Hlengipilo_Full_Service_Schl_Kopano_KZN,-29.690288,30.902521
RAN_Kismet_Hotel_KZN,-29.596018,30.388348
RAN_New_Home_Furnishers_KZN,-29.554683,30.412642
RAN_Florida_Rd_CP1_KZN,-29.831647,31.015493
RAN_Kings_Park_North2_KZN,-29.824233,31.030113
RAN_AYS_Memorial_Prim_Schl_Atlas_KZN,-29.92035,30.8701638888889
RAN_Himalaya_Meats_MTN_KZN,-29.8906,30.8681
RAN_Esikhaweni_H_Atlas_KZN,-28.869305,31.919886
LTE_Kambula_DN_KZN,-27.697944,30.718917
LTE_Schonau_Farm_DN_KZN,-28.992443,29.796813
RAN_Dennisfield_Atlas_KZN,-29.6499,30.3298
RAN_Windy_Heights_Primary_MTN_KZN,-29.9967,30.8994
RAN_Springlees_Farm_MTN_KZN,-29.422357,31.275823
RAN_Kings_Park_South2_KZN,-29.825541,31.030009
RAN_Nguni_KZN,-29.5877777777778,31.1727222222222
RAN_Eshowe_Central_KZN,-28.8951388888889,31.4674722222222
RAN_Cliffdale_2_ATC_KZN,-29.76175,30.66818
LTE_Melmoth_Central_DN_KZN,-28.5916111111111,31.3966944444444
RAN_Embonini_JP_MTN_KZN,-29.9667,30.8586
RAN_Ballito_West_KZN,-29.523399,31.195865
LTE_Donkerhoek_Telkom_DN_KZN,-27.7353888888889,31.1394444444444
RAN_Emthetheweni_Snr_Pri_MTN_KZN,-29.9722,30.8844
RAN_Khambi_Cnc_Telkom_KZN,-27.7785,31.3135
RAN_77_Nagina_Dr_MTN_KZN,-29.8736666666667,30.8100277777778
LTE_Tevrede_Farm_DN_KZN,-27.9763888888889,32.3413888888889
LTE_Intaba_Ingwe_DN_KZN,-28.6352444444444,31.760475
RAN_Kwangqoloti_KZN,-28.7881972222222,31.8294277777778
LTE_Phondweni_DN_KZN,-28.2694444444444,32.19
RAN_Belverdere_ATC_KZN,-29.5811138888889,31.0830361111111
RAN_Malabuzela_KZN,-28.018,32.1847777777778
LTE_Ndamkane_DN_KZN,-27.184778,31.9799442
LTE_Essiena_DN_KZN,-29.198999,31.2719173
RAN_Enembe_Mission_KZN,-29.091388,31.3544445
LTE_Nkungwini_DN_KZN,-27.014686,32.0118064
LTE_Middle_Drift_DN_KZN,-28.881111,31.0558338
LTE_Muhlekazi_DN_KZN,-27.7056944444444,32.1640277777778
RAN_Endulinde_KZN,-29.0505,31.4413051
RAN_Cyprian_KZN,-29.022943,31.4008064
RAN_Nwabi_KZN,-29.921,30.8115
RAN_Musa_Rd_KZN,-29.741894,30.993239
LTE_Lourdes_DN_KZN,-30.243,29.7630555555556
RAN_Glengarry_KZN,-30.4025277777778,29.6545833333333
RAN_Salt_R_Exch_MTN_KZN,-29.497026,31.238559
LTE_Vumanhlamvu_DN_KZN,-28.662776,31.10111
RAN_Mhlanga_Prim_Atlas_KZN,-28.921473,31.840666
LTE_New_Hanover_Town_DN_KZN,-29.3523055555556,30.5288888888889
LTE_Nokweja_DN_KZN,-30.2857222222222,29.9983611111111
RAN_KwaMakhutha_Dect_KZN,-30.0315555555556,30.8494444444444
RAN_Ntolozo_and_Musa_CP1_KZN,-29.739621,31.001917
LTE_Dlabe_DN_KZN,-28.700306,31.073056
LTE_Trafalgar_DN_KZN,-30.9661111111111,30.2873611111111
RAN_Ashburton_GtFmMTN_KZN,-29.65863,30.453808
LTE_Phelandaba_Clinic_DN_KZN,-27.0843333333333,32.5650555555556
LTE_Kwankumende_DN_KZN,-27.0542222222222,32.7638333333333
LTE_Vuka_DN_KZN,-28.577694,31.051167
LTE_Mvelabashu_Telkom_DN_KZN,-27.1380833333333,32.7273055555556
RAN_Sebokwe_Village_KZN,-28.7416388888889,32.1453888888889
RAN_Bantabahle_Rd_KZN,-29.749502,30.999716
RAN_Zimbali_Workshop_ATC_KZN,-29.543265,31.195051
RAN_N2_Umh_SANRAL_KZN,-29.737995,31.06927
RAN_Pongola_SgMil_KZN,-27.3981388888889,31.6530833333333
RAN_Fair_Brze_WT_MTN_KZN,-29.546667,31.1413879
LTE_Ematimatolo_MTN_DN_KZN,-29.142806,30.855417
RAN_KSIA_ATC_Hub_MTN_KZN,-29.60681,31.113443
RAN_SANRAL_N2_S_Park_MTN_KZN,-29.734014,31.054675
LTE_Inkwelo_DN_KZN,-27.5292,29.8443
LTE_Doone_MW_DN_KZN,-28.3585833333333,30.0375
LTE_Ntabakayishi_DN_KZN,-28.89581,30.423
LTE_Hluhluwe_ATC_DN_KZN,-27.94553,32.23568
RAN_Madadeni_L_Atlas_KZN,-27.775503,30.070164
RAN_Ridge_Voda_Int_KZN,-29.738248,31.069279
RAN_Mandini_South_KZN,-29.157611,31.4011383
RAN_Vsity_Of_Zululand_KZN,-28.8531111111111,31.8505833333333
RAN_Nibela_Telkom_KZN,-27.8987777777778,32.4564722222222
RAN_Dicks_Halt_Dect_KZN,-27.7469722222222,30.1563888888889
RAN_Khuzwayo_Dect_KZN,-29.7125,30.3251666666667
RAN_Malvern_Central_KZN,-29.89025,30.91973
LTE_MA_Dube_St_DN_KZN,-28.214934,30.67065
RAN_Kingsburgh_Cnt_KZN,-30.098886,30.855262
RAN_Isipingo_Taxi_KZN,-29.98,30.9275
LTE_ShllyBchLynMMTN_DN_KZN,-30.81102,30.4065
LTE_Enhlanhleni_KZN,-27.999282,30.173402
LTE_Ixopo_CEN_DN_KZN,-30.1557777777778,30.0596944444444
RAN_Madadeni_B_Atlas_KZN,-27.75804,30.02828
RAN_GreyvilleRC_9_KZN,-29.84044199,31.015783054
RAN_Madadeni_N_Atlas_KZN,-27.770455,30.084758
RAN_Madadeni_R_Atlas_KZN,-27.760728,30.069619
RAN_Itshelejuba_KZN,-27.2778,31.3454
RAN_Uitkomst_KZN,-27.4816388888889,30.5200277777778
LTE_Springboklaagte_DN_KZN,-27.8333055555556,30.2497222222222
RAN_Kwandengezi_ATC_KZN,-29.8504444444444,30.7686111111111
LTE_Odididini_DN_KZN,-30.0352777777778,30.6811111111111
RAN_Osizweni_Church_Atlas_KZN,-27.78237,30.14934
LTE_KwaDweshula_DN_KZN,-30.555785,30.246238
RAN_Waterfall_ATC_KZN,-29.74103,30.8296
RAN_Suncoast_Towers_KZN,-29.836883,31.035083
RAN_Chakas_Cove_KZN,-29.5140833333333,31.2298333333333
RAN_Esibubulungu_Church_Atlas_KZN,-29.7560222222222,30.9853638888889
RAN_Sterngrove_Prim_Schl_Atlas_KZN,-29.6914888888889,31.0257638888889
LTE_Sokhulu_DN_KZN,-28.5100277777778,32.3629444444444
LTE_5_Ben_Schoeman_St_Atlas_D_DN_KZN,-28.538686,29.787837
RAN_Eden_Gardens_Hosp_KZN,-29.642345,30.358282
RAN_Emondlo_Tnship_ATC_KZN,-28.065,30.7458324
RAN_81_Smithf_Rd_MTN_KZN,-29.7947777777778,31.0050277777778
RAN_Mdepha_High_Schl_Atlas_KZN,-29.6718861111111,30.6263972222222
RAN_Umbadula_WR_KZN,-29.8940833333333,30.8207777777778
LTE_Qwaggas_7545_CC_DN_KZN,-28.454753,29.64928
RAN_Amandosi_Prim_Atlas_KZN,-28.892872,31.911138
RAN_Ezakheni_Plaza_Atlas_KZN,-28.613531,29.931017
RAN_Mnweni_KZN,-28.820058,29.125128
RAN_Blythedale_Residt_KZN,-29.3714722222222,31.3496388888889
RAN_N3_Jan_Smuts_CP1_KZN,-29.840158,30.970679
RAN_Sydney_Rd_CP1_KZN,-29.8667,31.004424
RAN_Mahunu_Schl_Atlas_KZN,-28.908445,31.877243
LTE_Sumitomo_Rubber_Ladysmith_DN_KZN,-28.547065,29.833963
LTE_Moses_Mabhida_1_DN_KZN,-29.8287777777778,31.0297222222222
LTE_Moses_Mabhida_2_DN_KZN,-29.8280833333333,31.0301111111111
LTE_Moses_Mabhida_3_DN_KZN,-29.8280277777778,31.0307222222222
LTE_Moses_Mabhida_4_DN_KZN,-29.8283611111111,31.0311944444444
LTE_Moses_Mabhida_5_DN_KZN,-29.8291111111111,31.0311666666667
LTE_Moses_Mabhida_6_DN_KZN,-29.8298888888889,31.0305805555556
LTE_Moses_Mabhida_7_DN_KZN,-29.8296111111111,31.0295555555556
LTE_Moses_Mabhida_8_DN_KZN,-29.82875,31.0293333333333
RAN_Daklaas_KZN,-28.510111,30.2755
LTE_Moses_Mabhida_9_DN_KZN,-29.8275277777778,31.0301388888889
LTE_Moses_Mabhida_10_DN_KZN,-29.8304444444444,31.0297777777778
LTE_DBN_Beachfront2_DN_KZN,-29.838249,31.035681
LTE_DBN_Beachfront3_DN_KZN,-29.843896,31.036043
LTE_DBN_Beachfront5_DN_KZN,-29.854415,31.039933
LTE_DBN_Beachfront6_DN_KZN,-29.856921,31.040312
LTE_DBN_Beachfront7_DN_KZN,-29.862056,31.042415
LTE_DBN_Beachfront8_DN_KZN,-29.866439,31.046126
LTE_Umhlali_Charlie_F_MTN_DN_KZN,-29.4343,31.14586
RAN_Xolo_MTN_KZN,-28.1983,31.5012
RAN_Igugu_Labasha_MTN_KZN,-30.3736111111111,30.6338333333333
RAN_KSIA_Int1_MTN_KZN,-29.609391,31.115059
RAN_KSIA_Int2_MTN_KZN,-29.617105,31.105328
RAN_Elandskraal_KZN,-28.465,30.506583
LTE_Nhlangwini_DN_KZN,-30.4439722222222,30.2079166666667
LTE_Mpophomeni_Shopping_Centre_DN_KZN,-29.555271,30.179628
RAN_Umlazi_Glebe_ATC_KZN,-29.95652,30.928029
LTE_Emvubukazi_DN_KZN,-30.2898888888889,29.8314444444444
RAN_Waaihoek_KZN,-28.4801388888889,30.0961388888889
RAN_Redbro_Centre_KZN,-29.7013055555556,31.0034444444444
RAN_Illovo_Sugar_MTN_KZN,-30.088455,30.841303
RAN_Macayana_Church_KZN,-30.0477777777778,30.8194444444444
RAN_Baynesfield_Est_KZN,-29.7711111111111,30.3
LTE_GreyvilleRC_10_DN_KZN,-29.84024,31.015013
RAN_Mfekayi_KZN,-28.1586111111111,32.2741666666667
RAN_Wiggins_East_ATC_KZN,-29.853928,30.966292
RAN_Ridgeview_Res_ATC_KZN,-29.8650833333333,30.9491111111111
LTE_The_Oyster_Box_DN_KZN,-29.728374,31.087136
RAN_Missions_Ablaze_KZN,-29.58675,31.114
RAN_35_Longcr_Dr_MTN_KZN,-29.708159457,31.005245468
RAN_Pelham_MTN_KZN,-29.629182,30.38514
LTE_Qondile_1_DN_KZN,-27.474715,32.056318
RAN_Hol_Inn_E_Int_MTN_KZN,-29.7281666666667,31.0716944444444
RAN_Jewerlall_Rd_Lotusville_ATC_KZN,-29.5674,30.3858
LTE_Ngwelezane_Mob_KZN,-28.77784,31.865859
RAN_Mahogany_Ridge_KZN,-29.818333,30.813066
RAN_Palmiet_North_ATC_KZN,-29.808581,30.972002
RAN_Bayhead_North_ATC_KZN,-29.891222,31.014722
RAN_Ansteys_Beach_CP1_KZN,-29.922812,31.019727
RAN_Palm_View_MTN_KZN,-29.666014,31.034238
RAN_Paardepoort_Farm_KZN,-27.7166666666667,30.3983333333333
RAN_Bayview_South_ATC_KZN,-29.925278,30.914111
RAN_Brandon_Hill_KZN,-28.801968,31.907033
RAN_Adams_East_Atlas_KZN,-30.0345277777778,30.8382472222222
RAN_Isipingo_Secondary_MTN_KZN,-29.9864,30.9083
RAN_Kingsburgh_Beach_KZN,-30.095475,30.85972
RAN_Gallaghers_Fm_MTN_KZN,-30.510083,29.783722
RAN_Hot_La_Mercy_MTN_KZN,-29.644166,31.1319446
RAN_Grimsby_Rd_KZN,-29.937676,30.959628
RAN_Mountbatten_Dr_KZN,-29.805811,30.947564
LTE_Wartburg_Town_DN_KZN,-29.4308333333333,30.5713333333333
RAN_Ibis_Rd_Tweni_KZN,-30.715055,30.4648342
RAN_Langalibalele_CC_KZN,-29.6963361111111,30.9707027777778
RAN_Port_Natal_KZN,-29.8836111111111,30.9831388888889
LTE_Munster_MTN_DN_KZN,-31.0005,30.262167
RAN_Island_Bus_Park_KZN,-29.709724,31.050384
RAN_Eshowe_North_KZN,-28.878,31.4719444444444
RAN_The_Ridge_KZN,-29.732166,31.065892
RAN_Congela_Commco_KZN,-29.8792083333333,30.9955416666667
RAN_Varsity_Dr_KZN,-29.808678,30.955742
LTE_Mfundweni_MTN_DN_KZN,-30.428028,29.890472
LTE_Sharks_Board_Off_DN_KZN,-29.724514,31.071388
LTE_Marina_Beach_MTN_DN_KZN,-30.933083,30.294861
RAN_Boston_Hill_KZN,-29.5935277777778,30.0031944444444
LTE_Enguga_Mob_DN_KZN,-29.58898,29.801422
LTE_Gcilima_Bcn_MTN_KZN,-30.91402,30.23024
RAN_Braam_Fischer_KZN,-29.852198,31.027283
RAN_Prospecton_East_KZN,-29.994201,30.942852
RAN_Prospecton_MTN_KZN,-30.00545,30.931761
RAN_Umbogintwini_Ind_KZN,-30.028762,30.8895
RAN_Millenium_Park_KZN,-29.728816,31.060503
RAN_Ensimbini_S_ATC_KZN,-29.998694,30.857028
RAN_Nazareth_1_MTN_KZN,-29.849170622,30.854165113
RAN_Dasenhoek_ATC_KZN,-29.8484889,30.78555
RAN_Dawncliffe_ATC_KZN,-29.8486111111111,30.9025
LTE_Peacetown_DN_KZN,-28.444186,29.740336
RAN_Umlazi_Unit_18_ATC_KZN,-29.9665277777778,30.9183055555556
RAN_Westcliff_Secondary_MTN_KZN,-29.908268,30.888368
RAN_Argyle_Windemere_CP1_KZN,-29.8364,31.0193
RAN_Waterloo_Sec_Schl_Atlas_KZN,-29.6673166666667,31.0497972222222
LTE_Fort_Nottingham_DN_KZN,-29.4326944444444,29.9391388888889
LTE_Shakas_Kraal_Est_DN_KZN,-29.484013,31.235034
RAN_Hlubiville_Atlas_KZN,-29.654607,30.281902
RAN_Kauai_KZN,-29.5668611111111,31.1865555555556
RAN_Umlazi_CEN_ATC_KZN,-29.96563,30.87032
RAN_Kwanaloga_MTN_KZN,-29.7702518,30.78166241
RAN_Bulwer_Str_KZN,-29.6018055555556,30.3898055555556
RAN_Boom_Str_KZN,-29.6047222222222,30.36675
RAN_Whispers_WL_ATC_KZN,-29.543231,30.432441
LTE_Matiwane_DN_KZN,-28.410937,29.925642
RAN_Pinkney_P_Res_MTN_KZN,-29.756389,30.806143
RAN_Westriding_MTN_KZN,-29.752802,30.7693
RAN_Hazelmere_KZN,-29.5828888888889,31.0418333333333
LTE_Borwon_DN_KZN,-29.4112222222222,31.0334444444444
RAN_Glenwood_ATC_KZN,-29.874071,30.993963
RAN_Shakas_Kraal_Tn_KZN,-29.4503055555556,31.2184444444444
RAN_Douglas_Crowe_Dr_KZN,-29.5281388888889,31.1983888888889
RAN_Kensington_Sq_MTN_KZN,-29.785266,31.038646
RAN_Nandi_Park_1_KZN,-29.799863,31.009709
LTE_Newcastle_Mall_Vodashop_DN_KZN,-27.77907,29.94324
RAN_Ganies_Corner_KZN,-29.5919,30.3906
RAN_Silverstone_Way_KZN,-29.526583,31.199473
RAN_Riverview_Park_KZN,-29.63125,31.04859
RAN_Newlands_West_ATC_KZN,-29.7809166666667,30.9575277777778
RAN_Hillary_Football_Club_ATC_KZN,-29.8902805555556,30.9380694444444
LTE_Tugela_Ferry_Town_DN_KZN,-28.74468,30.43176
LTE_Indaleni_DN_KZN,-29.9052305555556,30.2507
LTE_Durban_Station_3_DN_KZN,-29.8450833333333,31.0229722222222
LTE_KwaDlangwa_Telkom_DN_KZN,-28.8288611111111,31.7850555555556
LTE_Ongoye_DN_KZN,-28.8828611111111,31.7133055555556
LTE_Mzimela_MTN_DN_KZN,-28.7689444444444,31.71425
RAN_Umlazi_Y_Kopano_KZN,-30.006684,30.877754
RAN_Umfolozi_College_KZN,-28.893111,31.480444
RAN_Kingsway_West_ATC_KZN,-30.03781,30.88377
RAN_Ethekwini_Hosp_Int_KZN,-29.7776666666667,30.9960277777778
LTE_Vodashop_Zenith_Dr_2_DN_KZN,-29.722316,31.062411
RAN_Northdale_Central_KZN,-29.56384,30.40788
RAN_Bombay_Heights_KZN,-29.5473888888889,30.3911111111111
RAN_Hunslet_ATC_KZN,-29.731694,31.00375
RAN_Signal_Hill_Transnet_KZN,-27.710672,29.943326
RAN_Mndozo_South_Atlas_KZN,-27.76213,30.183283
RAN_Oribi_PMB_KZN,-29.637759,30.382431
RAN_Steve_Biko_KZN,-29.8521111111111,31.00375
RAN_Wildlife_Center_KZN,-29.9438611111111,30.99775
RAN_Umlazi_DD_RDS_Atlas_KZN,-29.95755,30.8385666666667
RAN_Osungolweni_Dect_KZN,-28.82408,31.191009
LTE_Dundee_High_Atlas_DN_KZN,-28.169585,30.226853
RAN_Dlabesuthe_Telkom_KZN,-28.830972,30.304328
LTE_Mooi_River_ATC_DN_KZN,-29.2221111111111,30.0209722222222
RAN_KSIA_MTN_KZN,-29.6255555555556,31.0981944444444
LTE_Gamalakhe_Dect_DN_KZN,-30.7998611111111,30.3341111111111
LTE_Mt_Partridge_ATE_DN_KZN,-29.67773577,30.336672198
LTE_Vodacom_4UShop_Pavillion_pCell_DN_KZN,-29.849636,30.936022
RAN_Makro_Springfield_DAS_KZN,-29.813853639,30.994961502
RAN_Edendale_P_ATC_KZN,-29.684293,30.35023
RAN_Selby_Ndlovu_Kopano_KZN,-29.960257,30.888644
RAN_RichardsBay_High_School_KZN,-28.7526666666667,32.0661944444444
RAN_Trurolands_Kopano_KZN,-29.574703,31.105478
RAN_Midlands_Saddle_And_Trout_KZN,-29.1663,29.92356
RAN_Nkangala_KZN,-28.8290666666667,30.7805333333333
RAN_Glen_H_Sentech_KZN,-29.765208,31.040136
LTE_Champagne_Castle_DN_KZN,-29.0477777777778,29.4181944444444
LTE_Nibela_Peninsula_DN_KZN,-27.9808888888889,32.42525
RAN_Knelsby_WT_MTN_KZN,-29.779195,30.756826
RAN_Unilever_Hse_MTN_KZN,-29.7395833333333,31.0671666666667
RAN_Umbogintwini_ATC_KZN,-30.0179138888889,30.9134444444444
RAN_Hemu_Hemu_Mast_KZN,-29.72804943,30.100797961
RAN_Toti_West_ATC_KZN,-30.057429,30.863495
RAN_Imbali_Green_House_KZN,-29.66517,30.35457
RAN_6_Prospecton_Rd_KZN,-29.9891944444444,30.9351111111111
RAN_Rydall_Vale_Park_KZN,-29.738824,31.065097
RAN_Overport_City_KZN,-29.8388611111111,30.9996944444444
LTE_Junid_Jazzbhai_Office_pCell_DN_KZN,-29.924235,30.963621
LTE_Acaciaville_Power_MTN_DN_KZN,-28.5939,29.80875
RAN_Kwamnya_M_MTN_KZN,-29.97183056,30.905358333
RAN_Kwamnya_MpC_MTN_KZN,-29.97238332,30.90423273
RAN_Lake_Eland_KZN,-30.693831,30.189113
RAN_Ntuzuma_A_ATC_KZN,-29.75608,30.9418694
LTE_Utrecht_High_Schl_Atlas_DN_KZN,-27.661422,30.320112
LTE_Pyramids_Motel_DN_KZN,-28.422722,29.424194
RAN_Bombay_Heights_CC_KZN,-29.54729958,30.399024167
RAN_Emgidweni_CP1_KZN,-29.755165,30.992532
RAN_Gate_Meridian_Tkm_KZN,-29.7222222222222,31.0608333333333
RAN_Protea_H_Ext_MTN_KZN,-29.7243611111111,31.0693888888889
RAN_MMD_Switch_MTN_KZN,-29.805893,30.878314
LTE_MEC_Education_PicoCell_KZN_New,-29.605371,30.381754
LTE_Newcastle_Mall_1_DN_KZN,-27.779072,29.943245
LTE_Newcastle_Mall_2_DN_KZN,-27.779072,29.943245
LTE_Port_Shepstone_Switch_MTN_KZN,-30.793475,30.399377
RAN_Lennoxton_ATC_KZN,-27.7731583333333,29.9115388888889
RAN_Nkonjane_KZN,-27.994,32.0286388888889
RAN_Ridgeside_Park_1_KZN,-29.738040924,31.06926593
RAN_Fairways_Office_Park_KZN,-29.7100555555556,31.0394444444444
LTE_Haydens_Farm_MTN_DN_KZN,-30.0724166666667,29.1048611111111
RAN_Hyde_Str_Atlas_KZN,-28.5315,29.781222
LTE_Kwashiya_DN_KZN,-27.57125,32.4626388888889
LTE_McKenzie_Mob_DN_KZN,-29.975175,29.979572
LTE_La_Verna_MTN_DN_KZN,-28.555694,29.779889
RAN_Vezokuhle_KZN,-29.6288,30.3189
LTE_Ikusasethu_DN_KZN,-28.5436111111111,32.2983333333333
RAN_Nandi_Street_MTN_KZN,-28.2774166666667,31.4444722222222
RAN_Mabedlane_MTN_KZN,-28.3014333333333,31.3799722222222
LTE_Mount_Sophia_MTN_KZN_New,-28.3376111111111,31.2625
LTE_Ntabebomvu_Hl_MTN_DN_KZN,-28.25503,31.315624
RAN_Lythwood_KZN,-29.4340555555556,30.0450277777778
RAN_Hospital_Rd_MTN_KZN,-29.78825,30.7609722222222
RAN_Zwelesithembiso_Prim_Atlas_KZN,-29.9668222222222,30.9080805555556
RAN_Hotel_Santana_KZN,-30.8593611111111,30.3731111111111
RAN_Darnall_KZN,-29.26725,31.3620833333333
RAN_Ethekwini_Prim_Sch_MTN_KZN,-29.748698,30.990564
RAN_Hammars_Water_MTN_KZN,-29.791202,30.66219
RAN_Gleneagles_Park_KZN,-29.7174722222222,31.0546666666667
RAN_Umhlali_Town_KZN,-29.4768611111111,31.2179722222222
RAN_DBN_Expo_Cntr_MTN_KZN,-29.853989,31.028241
RAN_Parkdale_KZN,-29.819959,31.009202
LTE_Westwood_Mall_MTN_DN_KZN,-29.8286111111111,30.9604722222222
RAN_Felixton_MTN_KZN,-28.8347111111111,31.8925555555556
RAN_Bremen_Rd_MTN_KZN,-29.889338,31.000364
RAN_Newlands_East_Res_MTN_KZN,-29.78858,30.982444
RAN_Effingham_Sta_MTN_KZN,-29.7721944444444,31.0026944444444
RAN_Scotsville_RC_MTN_KZN,-29.6124722222222,30.399
RAN_ZK_Restaurant_MTN_KZN,-29.79275,30.9111388888889
RAN_Mayville_Pri_MTN_KZN,-29.857016,30.973659
LTE_Amatata_DN_KZN,-29.622472,30.8296947
RAN_Gugulethu_JP_Schl_Atlas_KZN,-29.76115,30.9862166666667
RAN_Silverglen_ATC_KZN,-29.9202,30.904879
RAN_237_Blair_Ath_MTN_KZN,-29.81011,30.893299
LTE_Lone_Tree_MTN_KZN,-28.756986,29.418658
LTE_St_Chards_DN_KZN,-28.5988888888889,29.8847222222222
RAN_Harrison_BP_N3_KZN,-29.74347,30.63361
RAN_Umdoni_Golf_Course_MTN_KZN,-30.398889,30.6815
RAN_Howard_College_KZN,-29.865918,30.981393
RAN_Kwa_Mashu_Hostel_1_KZN,-29.744222,30.997639
RAN_Butterworth_Hotel_KZN,-29.854242,31.020417
RAN_Ilala_Ridge_MTN_KZN,-29.74119,31.053438
RAN_Slangspruit_KZN,-29.656894,30.364173
RAN_Gordon_Dr_KZN,-29.746536,31.061391
RAN_Mpophomeni_MTN_KZN,-29.5713055555556,30.1883611111111
RAN_Lindelani_ATC_KZN,-29.748667,30.930167
RAN_Chakas_R_Chalets_KZN,-29.516544,31.228009
RAN_Madadeni_P_Atlas_KZN,-27.763934,30.083126
RAN_Qaphelani_Prim_Atlas_KZN,-27.74647,30.053018
RAN_Mandawe_Cross_Atlas_KZN,-28.810019,31.503553
LTE_Momentum_HQ_Cornubia_DN_KZN,-29.706625,31.052899
RAN_Kharwastan_Sec_Schl_ATC_KZN,-29.90275,30.90789
RAN_Willowfountain_Rd_KZN,-29.661942,30.344097
RAN_Greenville_Park_KZN,-29.791972,31.011455
LTE_Hayfields_ATC_KZN,-29.612791,30.413246
RAN_Shortens_Estate_KZN,-29.5100555555556,31.2007777777778
RAN_Pineview_KZN,-29.61425,30.34545
RAN_Boulder_Bay_KZN,-29.538355,31.220093
RAN_Sandpiper_Bay_KZN,-29.541346,31.216717
RAN_Highland_Hills_ATC_KZN,-29.8405555555556,30.8669444444444
LTE_KwaMshudu_Primary_School_DN_KZN,-26.922111,32.714944
RAN_Magdalena_Mines_KZN,-27.972111,30.197028
LTE_Hlazane_DN_KZN,-27.26141,32.2724
RAN_Siyalungelwa_Service_Stn_MTN_KZN,-27.809,30.095
LTE_Debe_DN_KZN,-28.459986,31.655147
LTE_Musgrave_Ctr_Int_DN_KZN,-29.8487222222222,30.9987222222222
RAN_Quail_Rd_KZN,-29.915863,30.931487
LTE_Langgewacht_ATC_KZN,-27.52949,31.8689
RAN_Albert_Luth_Hall_KZN,-29.872435,30.973786
RAN_Ulundi_Central_KZN,-28.2991944444444,31.4228055555556
RAN_Westville_East_ATC_KZN,-29.827444,30.944361
RAN_Phmlani_MtiSv_MTN_KZN,-27.3799722222222,31.2179722222222
RAN_Wiggins_West_ATC_KZN,-29.854612,30.958341
LTE_SouthernInfolSettl_Telkom_DN_KZN,-30.81818,30.33904
RAN_Isikhumbuzo_MTN_KZN,-29.949522,30.903389
RAN_Edendale_Dect_KZN,-29.66743,30.31824
RAN_Market_Rd_PMB_KZN,-29.64306931,30.411456038
LTE_Ekudubukeni_PicoCell_KZN,-28.238724,31.421063
LTE_Nooitgedagt_MTN_KZN,-27.565182,30.69086
LTE_IllvSgr_RV_MTN_DN_KZN,-28.44,32.1772222222222
RAN_Aldrovande_Palace_KZN,-29.72317,31.063933
LTE_Aldrovande_Palace_B_DN_KZN,-29.72317,31.063933
RAN_5_Addison_Close_MTN_KZN,-29.749074,31.05614
LTE_Jozini_Dam_DN_KZN,-27.414587,32.065067
RAN_Sobantu_KZN,-29.590541,30.421081
RAN_Mawelewele_Atlas_KZN,-29.8947333333333,30.8401555555556
RAN_Brixham_Rd_KZN,-29.565434,30.414867
RAN_Mphafa_Str_KZN,-29.974159,30.891332
LTE_Ndumo_Town_DN_KZN,-26.926948,32.252434
LTE_Kwasizabantu_DN_KZN,-29.08262,30.96165
RAN_Ntuzuma_Bus_MTN_KZN,-29.738206,30.957559
RAN_Cabana_Beach_1_KZN,-29.723923,31.088266
RAN_Esibubulungu_KZN,-29.758878,30.978546
LTE_Ebuhleni_MTN_A_DN_KZN,-29.70461,30.88441
LTE_Ebuhleni_MTN_B_DN_KZN,-29.70461,30.88441
LTE_Ebuhleni_MTN_C_DN_KZN,-29.70461,30.88441
RAN_Ezakheni_B_Section_MTN_KZN,-28.607133,29.921514
RAN_Doonside_Reservoir_MTN_KZN,-30.061727,30.869162
LTE_Vlg_of_Happ_DN_KZN,-30.85438848,30.364996793
LTE_GreyvilleRC_1_DN_KZN,-29.841119,31.013006
LTE_GreyvilleRC_2_DN_KZN,-29.840311,31.014182
LTE_GreyvilleRC_3_DN_KZN,-29.840795,31.013361
LTE_GreyvilleRC_4_DN_KZN,-29.840857,31.014728
RAN_Carrington_KZN,-29.884333,30.965694
LTE_GreyvilleRC_5_DN_KZN,-29.841078,31.014421
LTE_GreyvilleRC_6_DN_KZN,-29.841508,31.013744
LTE_Weenen_MW_DN_KZN,-28.804806,29.984889
RAN_Mediclinic_Pmb_KZN,-29.60955,30.389437
LTE_RBM_Hub_3_DN_KZN,-28.580193,32.328147
LTE_Davey_Rd_Temp_KZN,-29.872378997,31.001144318
RAN_Yellowwood_Park_Atlas_KZN,-29.92073509,30.938567531
RAN_Summerfield_Prim_Schl_Atlas_KZN,-29.930502,30.913888
RAN_Phoenix_Ind_ATC_KZN,-29.7228583333333,30.9990527777778
RAN_Chase_Valley_MTN_KZN,-29.565834,30.3683338
RAN_Redcliffe_Prim_Atlas_KZN,-29.64114114,31.023024004
RAN_Umlazi_West_ATC_KZN,-29.9759,30.85391
LTE_Highview_Farm_MTN_DN_KZN,-30.87586,30.14915
RAN_Adams_College_MTN_KZN,-30.0319,30.8133
RAN_Lynwood_KZN,-29.834439,31.004163
RAN_Cato_Crest_ATC_KZN,-29.8527944444444,30.9788611111111
RAN_Ndabanhle_KZN,-29.208333,30.714222
LTE_Ingudlane_Lodge_DN_KZN,-28.167759,30.276281
RAN_Mklomelo_Prim_Atlas_KZN,-29.9909833333333,30.8218638888889
LTE_Entembisweni_DN_KZN,-29.163389,30.760444
RAN_Lydia_Dr_KZN,-29.758485,31.048723
RAN_Montford_ATC_KZN,-29.9228888888889,30.8846083333333
RAN_King_Shaka_Hi_MTN_KZN,-29.946678,30.914721
RAN_Mona_Rd_KZN,-29.860187,31.02942
RAN_Demat_Rd_ATC_KZN,-29.8914111,30.8315194
RAN_Maryland_Farm_MTN_KZN,-29.466725,30.245106
LTE_Manguzi_WT_DN_KZN,-26.980386,32.713017
RAN_Solvista_Secondary_MTN_KZN,-29.690644,31.003981
RAN_KwaNdengezi_Atlas_KZN,-29.8658111111111,30.7633944444444
RAN_Kwa_Thambo_Combined_Prim_Atlas_KZN,-30.0201305555556,30.8716111111111
RAN_Nerina_Crest_KZN,-29.840402,30.98387
RAN_ABH_Risecliff_MTN_KZN,-29.917181,30.859248
RAN_Fairydene_Villg_KZN,-29.835964,30.875834
RAN_Osizweni_F_Atlas_KZN,-27.795955,30.115112
RAN_Montarena_KZN,-29.922097,30.866202
RAN_Asoka_Hotel_KZN,-29.797201,30.935243
LTE_Osizweni_West_Atlas_DN_KZN,-27.775434,30.169894
RAN_Rose_Heights_Primary_MTN_KZN,-29.914915,30.876055
RAN_Caldon_Heights_KZN,-29.815674,31.002519
LTE_Addington_Hosp_DN_KZN,-29.863456,31.042106
RAN_Beach_KZN,-29.855004,31.038283
RAN_Taj_Mahal_KZN,-29.85753309,31.02108426
RAN_Stamford_Hill_KZN,-29.828792,31.020893
RAN_Durban_North_KZN,-29.7845,31.035361
RAN_La_Lucia_KZN,-29.754919,31.065094
RAN_Avoca_Reservoir_KZN,-29.770667,31.014333
RAN_Kenville_KZN,-29.7865,31.007667
RAN_Parlock_MTN_KZN,-29.798611,30.976361
LTE_Manaba_Beach_ATC_DN_KZN,-30.849194,30.383111
RAN_Overport_KZN,-29.836577,30.995386
RAN_Congella_KZN,-29.87574327,30.99052734
RAN_Cato_Manor_KZN,-29.86222602,30.96909993
RAN_Rossburgh_KZN,-29.902667,30.976194
RAN_Reservoir_Hills_KZN,-29.803722,30.9375
RAN_Westville_KZN,-29.8295,30.933056
RAN_Orchard_Gardens_KZN,-29.879389,30.915861
RAN_Taylors_Halt_KZN,-29.643556,30.168417
RAN_Fynnland_KZN,-29.897085,31.030493
RAN_Austerville_KZN,-29.933358,30.985217
RAN_Durban_Airport_KZN,-29.958728,30.949645
RAN_Athlone_Park_KZN,-30.018361,30.920028
RAN_Ntokosweni_KZN,-29.962207,30.893866
RAN_Montford_KZN,-29.914306,30.870472
RAN_Shallcross_KZN,-29.888444,30.87625
RAN_Marianridge_KZN,-29.860139,30.824583
RAN_Paradise_Valley_KZN,-29.837365,30.88707
RAN_Pinetown_KZN,-29.818332,30.8608341
RAN_New_Germany_KZN,-29.800167,30.874194
RAN_Chelmsfordville_KZN,-29.783389,30.802944
RAN_Hillcrest_KZN,-29.778194,30.764306
RAN_Alverstone_KZN,-29.770056,30.716611
RAN_Cato_Ridge_ATC_KZN,-29.735111,30.585778
RAN_Umlaas_WT_KZN,-29.714889,30.497806
RAN_Ashburton_KZN,-29.664389,30.446306
RAN_Pelham_KZN,-29.629556,30.396278
RAN_Edendale_KZN,-29.648944,30.295889
RAN_Northdale_KZN,-29.551389,30.411194
RAN_PMB_Central_KZN,-29.604611,30.379972
RAN_Montrose_KZN,-29.573272,30.363275
RAN_Black_Ridge_KZN,-29.608944,30.331444
RAN_Hilton_KZN,-29.564528,30.297111
LTE_Cornfields_DN_KZN,-28.86575,29.891444
RAN_Sharks_Board_KZN,-29.724319,31.071123
RAN_Amanzimtoti_KZN,-30.052444,30.881
RAN_Winston_Park_KZN,-29.815889,30.785583
RAN_Tongaat_Ex_KZN,-29.574111,31.118472
RAN_Verulam_Exch_KZN,-29.64343,31.045759
RAN_Balito_Bay_Exch_KZN,-29.537583,31.212556
RAN_Umdloti_Exch_KZN,-29.657222,31.122167
RAN_Isipingo_WT_KZN,-29.9815,30.915667
RAN_Hammarsdale_KZN,-29.798528,30.658778
RAN_Foxhill_KZN,-29.667306,30.377556
RAN_Kloof_Civic_Off_KZN,-29.788417,30.836972
RAN_Kwa_Mashu_KZN,-29.746983,30.973504
RAN_Mount_Edgecombe_KZN,-29.716111,31.035028
RAN_Empangeni_MW_KZN,-28.743778,31.891611
RAN_Esikhawini_Exch_KZN,-28.880722,31.903222
RAN_Meerensee_KZN,-28.781528,32.101333
RAN_RB_Milling_Silo_KZN,-28.757861,32.014111
LTE_RB_Minerals_DN_KZN,-28.684999,32.1369438
RAN_Port_Shepstone_KZN,-30.73725,30.448694
RAN_Westville_Pav_KZN,-29.85,30.936388
RAN_Scottburgh_MW_KZN,-30.289056,30.74625
RAN_Mitchells_Park_KZN,-29.82964003,31.01133762
RAN_Gillitts_KZN,-29.80525,30.816
LTE_Durban_ICC2_DN_KZN,-29.8550583333333,31.0301194444444
RAN_Blythedale_Beach_KZN,-29.364139,31.347444
LTE_Msinga_DN_KZN,-28.680944,30.480444
RAN_Lahee_Park_KZN,-29.811806,30.857306
RAN_Westmead_KZN,-29.818127,30.822668
RAN_Arlington_M_MTN_KZN,-29.750868,30.811371
RAN_Ansteys_Beach_KZN,-29.912917,31.029139
RAN_Ottawa_KZN,-29.660583,31.045333
RAN_Ntuzuma_KZN,-29.723667,30.924083
RAN_Springfield_KZN,-29.81225,31.018028
RAN_Mkondeni_KZN,-29.650083,30.431111
RAN_Bonela_Pri_Schl_KZN,-29.840889,30.96175
RAN_Delmat_KZN,-29.834056,30.919028
RAN_Inchanga_KZN,-29.728389,30.647417
RAN_Bluff_SAPS_KZN,-29.9341666666667,31.0044722222222
RAN_Camperdown_KZN,-29.729528,30.543056
RAN_Esplanade_KZN,-29.864238,31.023242
RAN_Greyville_KZN,-29.84595947,31.01939562
RAN_Bellair_KZN,-29.887821,30.949536
RAN_Umbilo_Rd_KZN,-29.86468099,31.00128988
RAN_Westbrook_KZN,-29.608472,31.141611
RAN_Glen_Anil_KZN,-29.752056,31.033139
RAN_Tafta_KZN,-29.85829942,31.02819689
RAN_Phoenix_Rsv_KZN,-29.698556,31.016556
RAN_Westridge_KZN,-29.84695638,30.98221571
RAN_Northwood_KZN,-29.775389,31.04825
RAN_Glenmore_KZN,-29.875056,30.977778
RAN_Bayhead_KZN,-29.902694,31.006417
RAN_Umhlatuzana_KZN,-29.908389,30.913556
RAN_Nongoma_KZN,-27.905333,31.657222
RAN_Balito_North_KZN,-29.527333,31.223667
RAN_Shakas_Kraal_KZN,-29.483612,31.2350006
RAN_Groutville_KZN,-29.399222,31.292444
RAN_Stanger_KZN,-29.340192,31.288772
RAN_New_Guelderland_KZN,-29.297889,31.344278
RAN_Zinkwasi_KZN,-29.2875,31.4347229
RAN_Broadway_KZN,-29.779722,31.032528
RAN_Mandini_KZN,-29.142528,31.425778
RAN_Ngulule_KZN,-29.088694,31.579
RAN_Gingindlovu_KZN,-29.010833,31.5949993
LTE_Obejania_DN_KZN,-28.946944,31.6675
RAN_Mtunzini_KZN,-28.956722,31.750778
RAN_Waterloo_KZN,-28.919222,31.786722
RAN_Mzingwenya_KZN,-28.862,31.877889
RAN_Blue_Lagoon_KZN,-29.804194,31.038556
RAN_Pongola_KZN,-27.387,31.6425
RAN_Mkuze_MTN_KZN,-27.627777,32.0186119
RAN_Hluhluwe_KZN,-28.009722,32.246167
LTE_St_Lucia_MTN_A_DN_KZN,-28.372583,32.41375
LTE_St_Lucia_MTN_B_DN_KZN,-28.372583,32.41375
RAN_Mtubatuba_KZN,-28.393888,32.1783332
RAN_Willowton_Ind_ATC_KZN,-29.596806,30.408722
LTE_Sdwana_Bay_MTN_DN_KZN,-27.514194,32.660222
RAN_Kwambonambi_KZN,-28.600806,32.085861
RAN_RB_Central_KZN,-28.752676,32.049477
RAN_Isithebe_KZN,-29.0975,31.407472
RAN_Mangeti_KZN,-29.177944,31.473611
LTE_Daybreak_MTN_KZN,-28.478055,32.1411094
RAN_Hrsn_Frm_MTN_KZN,-28.333055,32.2338905
RAN_Nyalazi_MTN_KZN,-28.210832,32.2852783
RAN_Medham_MTN_KZN,-28.110611,32.261222
RAN_Umbkwane_MTN_KZN,-27.881666,32.1880569
RAN_Bonzo_MTN_KZN,-27.735944,32.087611
RAN_Landmans_Farm_MTN_KZN,-27.403055,31.8436107
RAN_Goedgelf_MTN_KZN,-27.4685,31.902361
RAN_Lourens_Farm_MTN_KZN,-27.342777,31.690277
RAN_Phondwane_MTN_KZN,-27.371139,31.507556
RAN_Sevule_MTN_KZN,-27.308889,31.4238891
LTE_Bergplaas_MTN_DN_KZN,-27.250778,31.255583
RAN_Woodburn_KZN,-29.613361,30.390694
RAN_Isibhedi_KZN,-29.661333,31.104556
RAN_Mobeni_Industrial_KZN,-29.933889,30.9730548
RAN_Monzi_MTN_KZN,-28.454999,32.2916679
RAN_Tuzi_Gazi_KZN,-28.793278,32.079111
LTE_Dkdk_Res_MTN_KZN,-28.3835,32.318222
RAN_RB_Lighthouse_MTN_KZN,-28.775139,32.127917
LTE_Babanango_DN_KZN,-28.339194,31.055333
RAN_RB_Harbour_KZN,-28.785694,32.038194
RAN_Invubu_KZN,-28.689194,32.036306
RAN_Kuleka_DN_KZN,-28.78,31.8958339
RAN_Northumberland_1_KZN,-29.784444,31.029162
RAN_Eshowe_KZN,-28.888889,31.4658336
LTE_Melmoth_KZN,-28.553889,31.392611
LTE_Mandawe_Cross_MTN_DN_KZN,-28.788888,31.5233325
RAN_Mtonjaneni_KZN,-28.4615,31.357694
RAN_Ulundi_Government_KZN,-28.293556,31.42
RAN_Mpumalanga_MTN_KZN,-29.8127777777778,30.6347222222222
RAN_Briardene_KZN,-29.792507,31.018878
LTE_Inkayezi_Farm_MTN_DN_KZN,-29.727167,30.372167
RAN_Woodlands_KZN,-29.922722,30.951417
RAN_Blackburn_DN_KZN,-29.007139,31.682611
RAN_Glenash_Heights_KZN,-29.76175,31.055222
RAN_Saratoga_Flats_KZN,-29.751472,31.070167
RAN_Earlsfield_KZN,-29.775139,30.935472
RAN_Empangeni_Rail_KZN,-28.758528,31.927333
RAN_Fairbreeze_KZN,-29.070554,31.627777
RAN_Shongweni_KZN,-29.85361,30.7388896
LTE_Hluhluwe_Town_DN_KZN,-28.017111,32.26775
LTE_Chorley_Park_MTN_DN_KZN,-28.718028,31.799806
LTE_Honeydale_DN_KZN,-28.377194,32.238222
RAN_Seaview_Eshwe_MTN_KZN,-28.917778,31.5227775
LTE_Horseshoe_Sgr_MTN_DN_KZN,-28.716778,31.646639
RAN_Ricardia_Prim_MTN_KZN,-28.762972,32.065333
RAN_Sprnglke_C_MTN_KZN,-28.064639,30.117222
RAN_Aquadene_KZN,-28.722658,32.041418
RAN_Allen_Str_KZN,-27.761722,29.939722
RAN_John_Ross_Highway_KZN,-28.76925,32.035694
RAN_Teku_KZN,-27.748306,30.033556
RAN_Birdswood_Bcn_MTN_KZN,-28.736806,32.084389
RAN_Merrivale_KZN,-29.517944,30.221667
LTE_Hlobani_DN_KZN,-27.7305,31.02125
RAN_Nondweni_KZN,-28.213083,30.885944
RAN_Upper_Tongaat_KZN,-29.533332,31.1455554
RAN_Hillary_KZN,-29.894583,30.930083
RAN_Umhlanga_Ridge_KZN,-29.735194,31.06375
RAN_Mowat_Park_KZN,-29.914056,30.9655
LTE_Ntabanhlope_DN_KZN,-29.039139,29.670639
RAN_Titren_Rd_KZN,-29.899476,30.964202
LTE_Creighton_DN_KZN,-30.007472,29.918611
LTE_Korinte_DN_KZN,-30.059389,29.745444
RAN_Sidiya_and_Timoni_CP1_KZN,-29.735545,30.993033
RAN_Merewent_KZN,-29.961112,30.967363
RAN_Crossmoor_KZN,-29.895833,30.863917
RAN_Havenside_MTN_KZN,-29.924979,30.925783
RAN_Pennington_KZN,-30.381583,30.688417
RAN_Port_Shep_Wfront_KZN,-30.742,30.45025
RAN_Armadale_KZN,-30.680417,30.501778
RAN_Manqoba_Beacon_KZN,-27.765,32.440556
RAN_Panorama_Park_WT_KZN,-30.118428,30.841855
RAN_Kwa_Khangela_MTN_KZN,-27.738972,31.725194
RAN_St_Winifreds_KZN,-30.091806,30.860139
RAN_Umnini_Ultr_Cty_KZN,-30.167167,30.818139
RAN_Umkomaas_WT_KZN,-30.209889,30.783
RAN_Freeland_Park_KZN,-30.267583,30.7565
RAN_Oslo_Beach_ATC_KZN,-30.760528,30.441944
RAN_Park_Rynie_KZN,-30.3165,30.725083
RAN_Kelso_KZN,-30.367056,30.699667
RAN_Sezela_KZN,-30.393778,30.665833
RAN_Ifafa_KZN,-30.45025,30.634083
RAN_Mtwalume_KZN,-30.494806,30.629833
LTE_Assisi_DN_KZN,-30.606722,30.353194
RAN_Hibberdene_Exch_KZN,-30.587028,30.559167
RAN_Umzumbe_KZN,-30.625778,30.537833
RAN_Southport_KZN,-30.670861,30.490361
RAN_Marburg_KZN,-30.773361,30.419278
LTE_KwaCele_DN_KZN,-30.250333,30.685333
RAN_St_Michaels_KZN,-30.826167,30.389806
LTE_Margate_DN_KZN,-30.863557,30.369532
LTE_Palm_Beach_DN_KZN,-30.974333,30.267417
LTE_Hlanganani_Primary_School_N3_DN_KZN,-29.318788,30.04768
LTE_Leisure_Bay_DN_KZN,-31.018694,30.2325
LTE_Caribbean_Estates_DN_KZN,-31.075556,30.200333
LTE_Bushy_Vales_DN_KZN,-30.914667,30.305222
LTE_Ramsgate_DN_KZN,-30.889389,30.346417
LTE_San_Lameer_DN_KZN,-30.947944,30.293972
LTE_Silverwood_Fm_MTN_DN_KZN,-29.902139,30.287833
RAN_Oribi_East_KZN,-30.728083,30.365917
RAN_Harding_KZN,-30.569719,29.8348388
RAN_Port_Zimbali_MTN_KZN,-29.544917,31.207722
RAN_Esparenza_KZN,-30.350556,30.649583
RAN_Sarnia_Rd_KZN,-29.880121,30.929396
LTE_Durban_View_MT_DN_KZN,-29.736956,31.079769
RAN_Wentworth_KZN,-29.926306,30.994778
RAN_Umkumbaan_KZN,-29.870139,30.956
RAN_Castle_Hill_KZN,-29.768056,30.965056
RAN_Toti_Residential_KZN,-30.036556,30.877556
RAN_Sunwich_Port_KZN,-30.660028,30.515222
RAN_Annerley_KZN,-30.705861,30.482972
LTE_Port_Edward_MTN_DN_KZN,-31.050639,30.216306
LTE_Margate_Town_DN_KZN,-30.862034,30.359482
RAN_Delville_Wood_KZN,-29.835556,30.708222
RAN_Bellevue_Rd_KZN,-29.85016412,30.99601644
RAN_Russell_Str_KZN,-29.86061469,31.01526693
RAN_Soldiers_Way_KZN,-29.85196262,31.01821018
RAN_Umkomaas_SB_MTN_KZN,-30.204278,30.799167
LTE_Nkobeni_Ranch_DN_KZN,-29.987333,30.244806
RAN_Chatsworth_KZN,-29.917769,30.883867
LTE_Hill_Farm_DN_KZN,-29.811722,30.329028
LTE_Stoney_Ridge_MTN_DN_KZN,-29.965944,30.621333
LTE_Gowan_Lea_DN_KZN,-30.329861,29.688417
RAN_Ashwood_KZN,-29.826083,30.851111
RAN_Hlutankungu_KZN,-30.290972,30.313056
RAN_Mariathel_Msn_MTN_KZN,-30.116083,30.107333
RAN_Tokoza_Farm_MTN_KZN,-30.048694,30.187194
RAN_North_Beach_KZN,-29.84534505,31.03350423
RAN_Paddock_Sentech_KZN,-30.735528,30.287722
RAN_Wilsons_Cutting_KZN,-30.788083,30.180083
RAN_MaguntiaStore_MTN_KZN,-30.759083,30.107528
RAN_Bongwana_KZN,-30.663722,30.010944
RAN_Hluku_KZN,-30.5835,29.953611
RAN_Frontier_Farm_MTN_KZN,-30.523667,29.779194
RAN_Hillcrest_Hosp_In_KZN,-29.7895833333333,30.7425
LTE_Mbulula_DN_KZN,-30.276861,30.448556
RAN_West_Str_KZN,-29.608194,30.371611
RAN_Kingsmead_KZN,-29.849088,31.028123
RAN_Cordwalles_KZN,-29.593389,30.360278
LTE_Sani_Pass_MTN_DN_KZN,-29.657972,29.444611
LTE_Easingwold_Farm_DN_KZN,-29.348417,30.074694
LTE_Military_Park_DN_KZN,-28.559306,29.765139
LTE_Glencoe_DN_KZN,-28.163694,30.151667
LTE_Montana_Farm_DN_KZN,-28.652389,29.419861
RAN_Bothas_Pass_KZN,-27.635806,29.709833
LTE_Normandien_DN_KZN,-28.009972,29.716833
LTE_Izotsha_Creek_DN_KZN,-30.799278,30.407556
RAN_Northmead_KZN,-29.768556,31.029306
RAN_Fairview_Park_KZN,-28.759721,31.9019451
RAN_Matshomela_KZN,-30.454889,29.861
RAN_Merino_KZN,-28.624028,31.395333
LTE_Ndundulu_DN_KZN,-28.67625,31.510361
RAN_Amanzimtoti_Beach_KZN,-30.047111,30.890139
RAN_Umlazi_North_KZN,-29.962333,30.854167
RAN_Seadoone_KZN,-30.068025,30.859455
RAN_Umvoti_Slopes_KZN,-29.259944,30.783444
RAN_Umlazi_Glebe_1_KZN,-29.963222,30.923361
LTE_Charters_Creek_DN_KZN,-28.209222,32.417639
RAN_Saiccor_KZN,-30.183917,30.789361
RAN_Umkomaas_West_KZN,-30.204861,30.748472
RAN_Kingsburgh_KZN,-30.08425,30.846778
RAN_Campbell_Dr_MTN_KZN,-29.707806,31.082444
LTE_Nzinga_DN_KZN,-29.601861,29.751139
RAN_New_Bolton_MTN_KZN,-30.70625,30.450556
RAN_Grove_End_ATC_KZN,-29.697028,31.031528
LTE_Van_Reenen_MW_DN_KZN,-28.383667,29.399083
LTE_Zandspruit_Farm_DN_KZN,-28.451139,29.47575
LTE_Tugela_DN_KZN,-28.453194,29.566833
LTE_Kirkness_DN_KZN,-28.523833,29.57925
LTE_Ravensdale_Farm_DN_KZN,-28.626222,29.614417
LTE_Kopleegte_Farm_DN_KZN,-28.782333,29.680694
LTE_Mt_Elzbth_Frm_DN_KZN,-28.875889,29.727694
LTE_Klpltsdrf_Fm_DN_KZN,-29.0273,29.82579
LTE_Estcourt_DN_KZN,-29.005639,29.873611
RAN_Misgunts_KZN,-29.05925,29.924083
LTE_Mooi_River_MW_DN_KZN,-29.106694,29.97375
LTE_Mooi_River_DN_KZN,-29.208083,29.998889
LTE_Bonavista_Farm_DN_KZN,-29.363361,30.134361
RAN_Wellington_Farm_KZN,-29.45375,30.186306
LTE_Vergelegen_Farm_DN_KZN,-28.64925,31.445694
RAN_PMB_Country_Club_KZN,-29.575667,30.333583
RAN_Lone_Tree_KZN,-29.681556,30.942639
LTE_Richmond_Natal_DN_KZN,-29.872556,30.272389
RAN_Howick_KZN,-29.485972,30.231444
LTE_Dalton_KZN,-29.34375,30.626972
LTE_Greytown_KZN,-29.035694,30.614417
LTE_Umzimkulu_DN_KZN,-30.250667,29.948417
LTE_Ixopo_DN_KZN,-30.182667,30.032389
RAN_Wembley_KZN,-29.598167,30.364889
LTE_Underberg_DN_KZN,-29.807333,29.503444
RAN_East_Str_KZN,-29.593167,30.388278
RAN_Ntuzuma_G_High_KZN,-29.725806,30.961222
LTE_Ixopo_Town_DN_KZN,-30.164889,30.063722
RAN_Redfern_KZN,-29.713381,30.9821
LTE_Kranskop_KZN_MTN_DN_KZN,-28.97625,30.858861
LTE_Albert_Falls_DN_KZN,-29.412111,30.450056
LTE_New_Hanover_DN_KZN,-29.306,30.560167
LTE_Muden_DN_KZN,-28.969139,30.382583
LTE_Giants_Castle_DN_KZN,-29.207583,29.670444
RAN_Cedara_KZN,-29.531944,30.278194
LTE_Brey_Hill_DN_KZN,-29.185611,29.867472
RAN_Emachobeni_KZN,-29.733389,30.914278
RAN_Solnamara_Hotel_KZN,-29.916389,30.904306
RAN_Queensmead_KZN,-29.886583,30.904472
LTE_Sevenoaks_DN_KZN,-29.215972,30.59125
RAN_Craigeburn_Dam_KZN,-29.185639,30.337389
RAN_Umbongintwini_KZN,-30.020222,30.885722
LTE_Karkloof_DN_KZN,-29.363694,30.253028
LTE_Oliviershoek_Pass_DN_KZN,-28.588417,29.148972
RAN_Edwin_Swales_KZN,-29.910806,30.98875
RAN_Dalbridge_KZN,-29.8627889,31.00859511
RAN_Burgess_Nursery_KZN,-29.8495,30.908722
RAN_Town_Bush_Road_KZN,-29.582861,30.37
RAN_Shastri_Park_KZN,-29.678667,31.016028
RAN_Montclair_KZN,-29.923889,30.969
RAN_Umgeni_Rd_KZN,-29.83702393,31.02320421
RAN_Hawaan_View_KZN,-29.714556,31.091861
LTE_Ladysmith_Industl_DN_KZN,-28.570306,29.790694
RAN_Sydenham_KZN,-29.832639,30.985083
RAN_Umgeni_Canal_KZN,-29.807,30.998778
RAN_Glen_Hills_KZN,-29.761462,31.046209
RAN_Natal_Pack_MTN_KZN,-29.724805,30.996552
RAN_Gledhow_KZN,-29.352722,31.279306
LTE_Tugela_Ferry_DN_KZN,-28.7655,30.444417
RAN_Galloway_KZN,-29.84966634,31.00034993
RAN_Davenport_KZN,-29.85778266,31.00094672
RAN_Yellowwood_Park_KZN,-29.91525,30.94325
LTE_Tala_Valley_DN_KZN,-29.778889,30.461611
LTE_Fredville_DN_KZN,-29.689972,30.651778
LTE_Eston_DN_KZN,-29.863083,30.530222
RAN_B_Berth_MTN_KZN,-29.872252,31.046187
RAN_Prince_Alfred_St_KZN,-29.85624729,31.03170709
LTE_Durban_ICC_DN_KZN,-29.8535823822021,31.0303611755371
LTE_Gold_Mine_Hill_DN_KZN,-28.300667,31.2205
LTE_Ekuseni_DN_KZN,-27.838389,32.381694
LTE_Rosetta_DN_KZN,-29.302639,29.985611
RAN_Coolidge_KZN,-28.418444,31.333333
LTE_Bergville_Town_DN_KZN,-28.707778,29.368333
LTE_Frischgewaagd_Frm_DN_KZN,-27.960944,30.474861
LTE_Heavitree_Farm_DN_KZN,-28.937556,29.778333
LTE_Ezakheni_Town_DN_KZN,-28.616389,29.918306
LTE_Kwamzamo_MTN_DN_KZN,-30.371722,30.148278
LTE_Tendele_DN_KZN,-28.710194,28.934222
RAN_Dinuzulu_KZN,-28.888472,31.511528
RAN_Hilton_N3_ATC_KZN,-29.540444,30.298167
LTE_Swart_Mfolozi_DN_KZN,-27.922444,31.2375
LTE_Mnqobokazi_School_DN_KZN,-27.692861,32.447361
RAN_Pigeon_Valley_KZN,-29.86756049,30.98631321
RAN_Warwick_Triangle_KZN,-29.85481093,31.0102634
RAN_Roseglen_KZN,-29.82299127,31.00327555
LTE_Madadeni_Central_DN_KZN,-27.768028,30.056194
RAN_La_Lucia_Ridge_KZN,-29.746603,31.04767
RAN_Jabulani_KZN,-30.079528,30.86775
RAN_Vulindlela_KZN,-28.85825,31.826833
RAN_Wyebank_KZN,-29.772985,30.869805
RAN_Ohrtmann_Rd_KZN,-29.582639,30.410389
LTE_New_River_DN_KZN,-29.655111,30.886639
LTE_Mkuze_Town_DN_KZN,-27.617083,32.032583
RAN_Westville_North_KZN,-29.81215,30.90794
RAN_Moseley_KZN,-29.853917,30.883583
RAN_Pendlebury_Rd_MTN_KZN,-29.940917,30.952278
RAN_The_Bluff_KZN,-29.911333,31.012222
LTE_Silver_Stream_MTN_DN_KZN,-29.087694,30.942694
RAN_Summerveld_KZN,-29.798055,30.7136116
RAN_New_England_KZN,-29.615056,30.451389
LTE_Bulwer_DN_KZN,-29.824944,29.766722
LTE_Donnybrook_DN_KZN,-29.915944,29.855139
RAN_Kloof_Central_KZN,-29.794222,30.836083
RAN_St_Johns_KZN,-29.813361,30.868722
LTE_Ladysmith_Central_DN_KZN,-28.559139,29.781583
RAN_Wasbank_KZN,-28.293889,30.082694
LTE_Woodstock_Dam_DN_KZN,-28.759778,29.209444
RAN_Folweni_MTN_KZN,-29.9905,30.811333
LTE_Glenlockey_Farm_DN_KZN,-30.291111,29.486972
LTE_Mfume_DN_KZN,-30.127444,30.743194
RAN_Chesterville_KZN,-29.85001,30.954382
RAN_Kwaceza_KZN,-27.977611,31.405917
LTE_Gregrys_DN_KZN,-28.080861,30.341611
LTE_Ongeluk_MTN_DN_KZN,-27.545528,31.957778
RAN_Mposa_KZN,-28.648056,32.06125
LTE_Cathedral_Peak_DN_KZN,-28.948481,29.204489
LTE_Weenen_DN_KZN,-28.870778,30.088389
LTE_Mont_Aux_Sources_MTN_DN_KZN,-28.68525,28.9925
LTE_Kriegerholm_DN_KZN,-27.461722,29.877583
LTE_Skuilklippoort_DN_KZN,-27.582944,29.936306
RAN_Mariann_Hill_Toll_KZN,-29.8311111111111,30.7716666666667
RAN_Marvela_Farm_MTN_KZN,-29.513528,29.965861
RAN_Maydon_Wharf_KZN,-29.88640408,30.9921658
LTE_Balgowan_MTN_DN_KZN,-29.402417,30.056361
RAN_Old_Fort_Rd_KZN,-29.85104574,31.03087972
RAN_Fort_Pearson_MTN_KZN,-29.219333,31.412833
RAN_Clare_Hill_Pk_MTN_KZN,-29.818182,30.968274
RAN_Elandskop_KZN,-29.695306,30.086083
LTE_Highflats_DN_KZN,-30.268917,30.253611
RAN_Umzinto_MTN_KZN,-30.30825,30.658694
RAN_Drakensberg_GDN_KZN,-29.757611,29.233611
RAN_Farningham_Ridge_KZN,-29.837833,30.858583
RAN_45th_Cutting_KZN,-29.834503,30.971745
RAN_Beverly_Hills_KZN,-29.845139,30.927056
RAN_Mountview_ATC_KZN,-29.650778,31.03025
LTE_Ubombo_DN_KZN,-27.562111,32.080722
RAN_High_Ridge_KZN,-29.84462619,30.99275038
RAN_Malakazi_KZN,-29.981382,30.864553
LTE_Hlogosi_DN_KZN,-30.353694,30.296306
RAN_Mayville_ATC_KZN,-29.840932,30.978403
LTE_Sunnybrae_DN_KZN,-30.877944,30.353222
LTE_Margate_South_ATC_DN_KZN,-30.868028,30.364306
RAN_Esikhawini_North_KZN,-28.86969,31.927645
RAN_Kloof_Falls_KZN,-29.772012,30.830203
RAN_Illovo_Microwave_KZN,-30.053806,30.827194
LTE_Nkungumathe_DN_KZN,-28.494139,31.086583
LTE_Elupepen_MTN_DN_KZN,-30.433889,30.151889
RAN_Palmiet_KZN,-29.817472,30.945139
RAN_Umdloti_Beach_KZN,-29.671278,31.116278
RAN_Umhlali_KZN,-29.529889,31.204472
RAN_Clermont_KZN,-29.789222,30.89925
RAN_Devon_Terrace_KZN,-29.831005,30.95306
RAN_Entabeni_KZN,-29.85478244,30.98705648
RAN_Greytown_Sentech_KZN,-29.013056,30.535722
RAN_Lotusville_ATC_1_KZN,-29.560194,30.388667
LTE_Manaba_DN_KZN,-30.848611,30.371139
RAN_Trematon_Dr_KZN,-29.81783583,31.02095269
RAN_Westbrook_Ton_MTN_KZN,-29.599166,31.1605548
RAN_Turton_KZN,-30.533833,30.594278
RAN_Kwadabeka_KZN,-29.775783,30.893783
RAN_Wembley_ATC_KZN,-29.587744,30.351483
RAN_Tafeni_KZN,-30.227611,29.338778
RAN_Thathezakho_KZN,-31.067639,30.166222
LTE_Southbroom_DN_KZN,-30.912528,30.329167
RAN_Highlands_Fm_MTN_KZN,-30.342861,29.923861
LTE_Sunbury_MW_DN_KZN,-29.204389,31.339639
RAN_Bendigo_KZN,-30.641528,30.506194
LTE_Emakwabe_MTN_DN_KZN,-27.628528,30.83075
LTE_Tshongwe_DN_KZN,-27.439417,32.382083
LTE_Dhlakati_DN_KZN,-29.239806,31.044528
RAN_Gillitts_ATC_KZN,-29.793194,30.806472
LTE_Kwadolo_DN_KZN,-28.911056,30.734333
LTE_Nkhukhuze_DN_KZN,-28.948278,31.606278
LTE_Ophande_DN_KZN,-27.494417,32.149444
LTE_Quedeni_DN_KZN,-28.647028,30.903889
LTE_Drayton_DN_KZN,-29.340556,29.863333
LTE_Kwamateni_MTN_DN_KZN,-28.010083,31.668667
RAN_Inverness_KZN,-27.794667,30.158333
RAN_Amajuba_KZN,-27.739806,29.962583
LTE_Vryheid_High_DN_KZN,-27.771361,30.781889
RAN_Thelezini_KZN,-28.133472,30.635944
RAN_NMR_Ave_KZN,-29.82680528,31.03315294
RAN_Imbali_KZN,-29.654056,30.346722
LTE_Braemar_DN_KZN,-30.312278,30.565528
RAN_Atholl_House_MTN_KZN,-30.253389,30.178611
RAN_Somtseu_Rd_KZN,-29.843259,31.029947
RAN_Jelf_Taylor_Cr_KZN,-29.84788683,31.02565647
RAN_Pinsent_KZN,-29.83076986,31.00578071
RAN_Ringwood_MTN_KZN,-29.747639,30.672528
LTE_Splashy_Fen_DN_KZN,-29.791139,29.389806
LTE_Impendle_KZN,-29.594306,29.878639
LTE_Kamberg_DN_KZN,-29.356667,29.707222
LTE_Himeville_DN_KZN,-29.750722,29.511917
RAN_Mount_Michael_KZN,-29.581943,30.2808666
RAN_Mtubatuba_Town_KZN,-28.416861,32.185056
RAN_Greytown_Central_KZN,-29.071472,30.578278
LTE_Weltevreden_DN_KZN,-29.424444,30.15025
RAN_Cleland_KZN,-29.65275,30.423056
RAN_Nongoma_Town_KZN,-27.914056,31.646278
RAN_Isipingo_Rail_KZN,-29.972464,30.937193
LTE_Mahlangasi_DN_KZN,-27.6255,31.72125
LTE_Hlabisa_DN_KZN,-28.112139,31.888222
RAN_Lenham_KZN,-29.695806,30.988111
RAN_Plasmec_MTN_KZN,-30.752333,30.424278
LTE_Izotsha_DN_KZN,-30.778639,30.378194
RAN_Dabulamanzi_Schl_KZN,-28.29,31.430528
LTE_Wartburg_DN_KZN,-29.438333,30.5891666
LTE_Sithole_College_DN_KZN,-28.63675,31.937528
LTE_Uvongo_DN_KZN,-30.839667,30.388278
LTE_Sundunbili_DN_KZN,-29.140556,31.400833
LTE_Magog_DN_KZN,-30.598861,30.474556
RAN_Brackspruit_MW_KZN,-28.042083,30.834667
RAN_Umhlanga_Sands_KZN,-29.720611,31.089861
RAN_Corovoca_KZN,-29.75775,30.999472
RAN_PortEdward_LightH_KZN,-31.056944,30.225833
RAN_Lotus_Park_KZN,-29.997,30.91075
RAN_Mziwamandla_Sch_KZN,-29.970167,30.870917
RAN_Canelands_KZN,-29.622361,31.067194
RAN_Umlazi_Q_Section_KZN,-29.982306,30.892222
RAN_Umlazi_H_Sec_KZN,-29.955472,30.871083
RAN_Mispa_KZN,-29.102944,30.647028
RAN_Esikhawini_South_KZN,-28.890639,31.885444
RAN_Shongweni_MTN_KZN,-29.797891,30.7437782
RAN_Crompton_Str_KZN,-29.813833,30.861972
RAN_Botanical_Gardens_KZN,-29.84771864,31.00420329
RAN_Boshoff_Str_KZN,-29.597111,30.382278
RAN_Aldinville_KZN,-29.445417,31.252028
RAN_Norwood_Farm_KZN,-30.200083,30.107389
RAN_Felixton_KZN,-28.807,31.87925
LTE_Hilltop_DN_KZN,-28.078583,32.044472
RAN_Hayfields_KZN,-29.626139,30.416944
LTE_Straalhk_ATC_DN_KZN,-30.347069,29.846465
RAN_Summerveld_MTN_KZN,-29.821944,30.704778
RAN_Inanda_Miss_Res_KZN,-29.695694,30.927417
RAN_Richmond_Farm_KZN,-29.750861,30.94825
RAN_Eastbury_KZN,-29.704278,31.034778
RAN_Umlazi_B_Section_KZN,-29.955803,30.910132
RAN_Cowies_Hill_KZN,-29.824194,30.901
RAN_Clansthal_KZN,-30.231778,30.783417
RAN_Mfolozi_High_School_MTN_KZN,-28.427722,32.15
RAN_Camps_Drift_KZN,-29.620991,30.386958
RAN_Hatton_Estates_KZN,-29.827908,30.868757
LTE_Noodsberg_DN_KZN,-29.361389,30.6861114
RAN_Riverside_KZN,-29.801417,31.028583
LTE_Mapumulo_DN_KZN,-29.150139,31.071444
RAN_Nordbury_KZN,-29.83770209,31.00767958
RAN_Treasure_Beach_KZN,-29.951861,30.98975
RAN_President_Swart_KZN,-28.754639,31.886472
RAN_Northdene_KZN,-29.867667,30.885306
RAN_Escombe_KZN,-29.873861,30.897389
RAN_Ashley_KZN,-29.814944,30.844611
RAN_Harding_Town_MTN_KZN,-30.572306,29.8805
RAN_Padfield_Park_KZN,-29.790167,30.865667
RAN_Pinetown_Indust_KZN,-29.817611,30.876722
RAN_Jubilee_Park_KZN,-29.836345,30.910646
RAN_Kearsney_Cl_MTN_KZN,-29.76614,30.749768
RAN_Sunrise_Trade_MTN_KZN,-29.737194,30.837639
RAN_Windy_Ridge_KZN,-29.719222,30.840222
RAN_Marianhill_Indust_KZN,-29.831056,30.82975
RAN_Forest_View_KZN,-29.75217,30.83008
LTE_Mseleni_DN_KZN,-27.327056,32.556917
RAN_Singisi_KZN,-30.232444,29.536028
RAN_Hlazakazi_KZN,-28.46975,30.815167
RAN_Ngubevu_KZN,-28.675191,30.6305294
LTE_Kosi_Bay_DN_KZN,-26.960222,32.810611
LTE_Ndumo_DN_KZN,-26.916444,32.27125
LTE_Durnacol_MTN_DN_KZN,-28.037333,30.033167
LTE_Jozini_DN_KZN,-27.428917,32.061806
LTE_Osindisweni_DN_KZN,-29.608917,30.987889
RAN_Nkonjeni_KZN,-28.223361,31.414917
RAN_Hutten_Heights_KZN,-27.731417,29.930861
LTE_Mhlumayo_DN_KZN,-28.652444,30.096139
RAN_Umhlatuze_Canal_KZN,-28.776222,31.965778
RAN_Goble_Rd_KZN,-29.82030572,31.02808838
LTE_Mhlumba_DN_KZN,-28.847944,30.302583
RAN_Kuleka_North_KZN,-28.770496,31.905116
RAN_Savanna_Park_KZN,-29.883519,30.856327
LTE_Ntunjambili_DN_KZN,-28.940694,30.940333
RAN_Willowvale_Rd_KZN,-29.86974013,30.99506429
RAN_Inanda_New_Town_KZN,-29.702389,30.957222
RAN_Atholton_KZN,-29.714917,31.053111
RAN_Avondale_KZN,-29.83564996,31.01501872
RAN_Dawncliffe_KZN,-29.849028,30.920889
RAN_Everton_KZN,-29.785278,30.8213882
RAN_Atholl_Heights_KZN,-29.8095,30.920611
RAN_Shakas_Spring_KZN,-29.321639,31.283694
RAN_Hans_Dettman_KZN,-29.872333,30.87
RAN_Amaoti_ATC_KZN,-29.675556,30.9866657
RAN_Dorpspruit_KZN,-29.596472,30.37725
LTE_Jesser_Point_DN_KZN,-27.550611,32.674389
RAN_Arthurs_Seat_MTN_KZN,-28.9005,29.437694
LTE_Almansnek_DN_KZN,-27.729583,30.882333
LTE_Cape_Vidal_MTN_DN_KZN,-28.131444,32.548861
LTE_Kln_Bcn_MTN_KZN,-27.910472,32.364778
RAN_Ngwelezna_Res_MTN_KZN,-28.768444,31.85825
RAN_Korhaan_Hill_KZN,-28.702583,31.966722
RAN_RB_Coal_Terminal_KZN,-28.820556,32.059778
LTE_Mngqagayi_Hll_MTN_DN_KZN,-28.591056,31.925417
LTE_Sangoyana_MTN_DN_KZN,-28.484528,31.786667
RAN_Prospecton_KZN,-29.996278,30.929694
RAN_Mc_Almans_Frm_MTN_KZN,-27.855694,29.983778
RAN_Krantzview_MTN_KZN,-29.777167,30.851944
RAN_Home_Centre_KZN,-29.810389,30.989417
LTE_Zungwini_DN_KZN,-27.499333,30.754389
RAN_Pongola_Town_KZN,-27.377833,31.615472
LTE_Isenembe_DN_KZN,-29.485277,31.0819435
LTE_Dundee_Town_A_DN_KZN,-28.163,30.237472
LTE_Dundee_Town_B_DN_KZN,-28.163,30.237472
RAN_EchoVal_Coffe_MTN_KZN,-30.661639,30.323972
LTE_Emondlo_MTN_DN_KZN,-27.968472,30.690333
LTE_Ndondotha_KZN,-28.293306,32.045139
LTE_RondesboschDy_MTN_DN_KZN,-29.269083,30.020111
RAN_Arbor_Heights_KZN,-27.769833,29.950611
RAN_Umdloti_North_KZN,-29.658722,31.124194
LTE_Riverdale_Farm_DN_KZN,-29.874166,29.6068611
RAN_Mount_Albert_KZN,-29.260667,31.213111
RAN_Weza_KZN,-30.613917,29.813639
RAN_ThePeakStore_MTN_KZN,-30.5025,30.373278
RAN_Hilton_College_KZN,-29.493222,30.301806
RAN_Vaalkop_Rsv_MTN_KZN,-28.482667,30.204028
RAN_Watersmeet_MTN_KZN,-28.412889,29.740056
RAN_Napierville_1_KZN,-29.619389,30.357306
RAN_Old_Meerensee_MTN_KZN,-28.795306,32.09925
LTE_Glendale_DN_KZN,-29.328611,31.0969448
LTE_Ingavuma_DN_KZN,-27.135028,32.004278
LTE_Nsuze_DN_KZN,-29.385,30.9724998
RAN_Keates_Drift_KZN,-28.849833,30.5055
LTE_Ozwatini_DN_KZN,-29.376111,30.86525
RAN_Vryheid_Ind_KZN,-27.765028,30.81575
RAN_Ulundi_South_KZN,-28.320444,31.423889
LTE_Ndwedwe_DN_KZN,-29.513306,30.934639
LTE_Mbaswana_MTN_DN_KZN,-27.480333,32.582306
RAN_Nkandla_KZN,-28.625778,31.0765
RAN_Okuku_MTN_KZN,-28.356611,31.602167
LTE_Ntinin_H_MTN_DN_KZN,-28.296639,31.558611
LTE_Gamalakhe_DN_KZN,-30.797083,30.327917
LTE_Rutland_DN_KZN,-27.958417,30.16775
LTE_Crawshaw_Str_DN_KZN,-28.554472,29.787278
RAN_Trust_Fm_Schl_MTN_KZN,-28.551389,32.120194
RAN_Kingsway_KZN,-30.030858,30.902846
LTE_Umbumbulu_DN_KZN,-29.981583,30.708056
LTE_Dududu_DN_KZN,-30.184472,30.604583
LTE_Mount_Langford_DN_KZN,-30.011,30.537333
LTE_Wembezi_DN_KZN,-29.0423611111111,29.7874444444444
RAN_Maqedandaba_KZN,-28.916417,29.610528
LTE_Loteni_DN_KZN,-29.560389,29.574972
RAN_Sweetwaters_KZN,-29.609833,30.248417
LTE_Newlands_Farm_DN_KZN,-30.917694,30.169056
RAN_Mountain_Rise_MTN_KZN,-29.5825,30.399861
LTE_Montusi_DN_KZN,-28.624472,29.019444
RAN_Hilldene_KZN,-29.789333,30.774361
LTE_Estcourt_Rsv_DN_KZN,-29.015194,29.864972
RAN_Dawncrest_KZN,-29.818889,30.914528
RAN_Umtentweni_KZN,-30.717667,30.470389
RAN_Super_Scaff_MTN_KZN,-28.747917,32.032639
RAN_Tugela_Mouth_KZN,-29.218051,31.5046291
LTE_Mbongolwane_DN_KZN,-28.942694,31.201472
RAN_Manguzi_A_KZN,-26.984889,32.753222
RAN_Manguzi_B_KZN,-26.984889,32.753222
LTE_Hlathi_DN_KZN,-28.224972,30.559278
RAN_Florida_Keys_KZN,-29.84235433,31.00332845
RAN_Meyershoek_KZN,-27.445111,31.644611
LTE_Hidcote_DN_KZN,-29.141028,29.952444
RAN_Salisbury_Centre_KZN,-29.8588935,31.02290039
RAN_ZAC_KZN,-28.222694,31.67075
RAN_Umlazi_Unit_7_ATC_KZN,-29.948889,30.887
LTE_Rversde_Mt_MTN_DN_KZN,-30.038806,29.684917
LTE_Manzengwenya_DN_KZN,-27.261472,32.768889
RAN_Tongaat_MW_KZN,-29.559165,31.0933341
RAN_Chatsworth_West_KZN,-29.927306,30.873833
RAN_Grey_Str_KZN,-29.85139838,31.01534966
LTE_Nkanyezini_DN_KZN,-29.630306,30.60475
RAN_Beacon_140_KZN,-29.370555,31.233612
RAN_Natal_Command_MTN_KZN,-28.901917,31.466806
LTE_Ramsgate_WRes_MTN_DN_KZN,-30.892444,30.337139
RAN_Harrison_Flats_KZN,-29.72275,30.624361
LTE_Coronation_DN_KZN,-27.676722,31.057528
RAN_Amatikulu_KZN,-29.044445,31.5316658
RAN_Castle_Hill_ATC_KZN,-29.769861,30.948639
LTE_Sihangwane_DN_KZN,-27.047444,32.419361
RAN_St_Faths_MTN_KZN,-30.535611,30.216056
LTE_Harmony_Farm_DN_KZN,-28.99525,30.791167
RAN_Komri_Sgr_Estate_KZN,-29.410778,31.227611
LTE_Ndaba_Farm_DN_KZN,-29.169166,31.1372222
LTE_Ahrens_DN_KZN,-29.068972,30.759639
RAN_Pietermaritz_Str_KZN,-29.603333,30.375361
RAN_Ezikhalini_KZN,-29.733889,30.975444
LTE_Ntondweni_DN_KZN,-28.199972,32.164972
RAN_Ntabayengwe_A_KZN,-27.1165,32.135806
RAN_Ntabayengwe_B_KZN,-27.1165,32.135806
RAN_Hill_Grove_KZN,-29.785028,30.953056
LTE_Natal_Spa_DN_KZN,-27.534861,30.86575
LTE_Sibhoweni_DN_KZN,-27.286917,32.434889
RAN_Hillview_Gardens_KZN,-28.739998,31.878357
RAN_Brookdale_KZN,-29.683861,31.004833
RAN_Shakas_Head_KZN,-29.493333,31.2013893
LTE_Emondlo_Dect_DN_KZN,-27.996417,30.727
LTE_Mpembeni_DN_KZN,-28.124556,31.960306
RAN_Tongaat_South_KZN,-29.581417,31.101333
RAN_Empangeni_West_KZN,-28.746417,31.886639
RAN_Bayside_Alm_MTN_KZN,-28.781083,32.014944
RAN_Nqulwane_MTN_KZN,-28.353194,31.66375
RAN_Broeders_Rust_KZN,-27.576417,31.342833
RAN_Magudu_Pl_Stn_MTN_KZN,-27.549,31.647167
RAN_Nhlazatshe_Hl_MTN_KZN,-28.212194,31.2025
RAN_Umlazi_R_Section_KZN,-29.967306,30.88975
RAN_Esikhawini_Cntral_KZN,-28.864833,31.910278
RAN_Hillandale_South_KZN,-28.84896,31.930405
LTE_Iscor_Newcastle_DN_KZN,-27.70125,30.003972
LTE_Ophondweni_DN_KZN,-27.216778,32.125861
LTE_Kwamshudu_DN_KZN,-26.893194,32.812944
LTE_Roosboom_DN_KZN,-28.653056,29.708361
RAN_Doonside_KZN,-30.06373,30.879965
RAN_Berkshire_Downs_ATC_KZN,-29.782639,30.883194
RAN_Chiltern_Hills_ATC_KZN,-29.809028,30.910639
LTE_Shayemoya_DN_KZN,-29.732111,30.747028
RAN_Paulpietersburg_KZN,-27.446944,30.842139
RAN_Virginia_Airport_KZN,-29.771778,31.056639
RAN_St_Augustines_KZN,-29.85587565,30.99155952
LTE_Mfongosi_DN_KZN,-28.709306,30.811194
RAN_Newlands_East_ATC_KZN,-29.771472,30.981278
RAN_Clayfield_KZN,-29.715806,31.019472
RAN_Ngxongwane_A_KZN,-27.895194,31.789111
RAN_Ngxongwane_B_KZN,-27.895194,31.789111
LTE_Mavulazi_DN_KZN,-28.001083,31.842806
LTE_Kwamaqwakazi_DN_KZN,-28.78675,31.610944
RAN_Siyathuthuka_KZN,-29.716611,30.941
LTE_Kwamawanda_DN_KZN,-28.494833,31.538556
LTE_Evatt_Farm_DN_KZN,-30.040194,29.333222
RAN_Victoria_Str_KZN,-29.85494792,31.01729058
LTE_Shelly_Sands_DN_KZN,-30.812194,30.41025
LTE_Tolwane_DN_KZN,-28.824167,31.1263885
RAN_Hilton_MW_KZN,-29.554722,30.300667
RAN_Mduku_KZN,-27.023139,32.682861
RAN_Innes_Rd_KZN,-29.82370334,31.02113444
RAN_Natal_University_KZN,-29.86894667,30.98073866
RAN_Ludluko_S_Est_MTN_KZN,-30.414694,30.520472
RAN_Nagina_KZN,-29.87575,30.821778
LTE_Bushmans_Nek_DN_KZN,-29.854472,29.240361
RAN_Lamontville_ATC_KZN,-29.94425,30.941083
RAN_Merebank_KZN,-29.946361,30.960889
RAN_Northdale_Tech_KZN,-29.562028,30.401556
RAN_Randles_Rd_KZN,-29.826361,30.982861
LTE_Masamini_DN_KZN,-29.952139,30.0375
LTE_Mhlambo_Dect_DN_KZN,-29.667472,30.778083
RAN_Phoenix_KZN,-29.703167,30.998389
RAN_Frasers_ATC_KZN,-29.554167,31.167667
RAN_Westcliff_KZN,-29.909662,30.895211
RAN_White_Hs_Hotel_KZN,-29.726833,31.035611
RAN_Ntuzuma_Exch_KZN,-29.739194,30.936139
RAN_Somkhele_KZN,-28.340667,32.127917
RAN_Ticor_Empgeni_MTN_KZN,-28.721722,31.867806
LTE_Egagasini_MTN_DN_KZN,-27.171444,32.550639
RAN_Everest_Heights_KZN,-29.639278,31.030583
RAN_Allenvale_Fm_MTN_KZN,-30.996694,30.185194
RAN_Umhlanga_South_KZN,-29.727684,31.083996
LTE_Oppermans_Krl_MTN_DN_KZN,-28.593222,29.345333
LTE_Ndumo_MTN_DN_KZN,-27.038055,32.2383346
RAN_Sibaya_Casino_KZN,-29.682028,31.099528
RAN_Ellingham_Est_MTN_KZN,-30.3125,30.686694
RAN_Murray_Rd_WR_MTN_KZN,-29.633583,30.431083
LTE_Lyn_Avs_Fm_MTN_DN_KZN,-30.061639,29.924306
RAN_Izingolweni_MTN_KZN,-30.782917,30.135056
RAN_Magabheni_MTN_KZN,-30.174361,30.77125
LTE_Magabheni_MTN_B_DN_KZN,-30.174361,30.77125
RAN_Broad_Str_KZN,-29.8606798,31.01870388
RAN_Clairwood_KZN,-29.91279,30.979254
RAN_Simlangetja_KZN,-27.426944,30.961139
RAN_uShaka_Marine_Wld_KZN,-29.867572,31.045979
RAN_Nodwengu_Schl_MTN_KZN,-28.298528,31.502583
LTE_Ladysmith_Mts_MTN_DN_KZN,-28.541389,29.81825
LTE_Ntabanhlophe_MTN_DN_KZN,-29.10525,29.700028
RAN_Fort_Louis_KZN,-28.398833,30.919139
LTE_Emmaus_DN_KZN,-28.865694,29.329
RAN_Mkunya_MTN_KZN,-30.125333,30.434583
LTE_Outlook_Rd_MTN_KZN,-30.923889,30.311139
LTE_Draycott_DN_KZN,-28.960611,29.679528
RAN_Bizley_ATC_KZN,-29.650667,30.379417
RAN_Kings_Park_North1_KZN,-29.824233,31.030113
RAN_Mpumalanga_ATC_KZN,-29.802111,30.621614
LTE_Mount_Gilboa_DN_KZN,-29.287444,30.293028
LTE_Chibini_DN_KZN,-30.103,30.0575
LTE_Mpengwana_DN_KZN,-29.911722,29.734667
LTE_Helpmekaar_DN_KZN,-28.384333,30.370861
LTE_Injasuthi_DN_KZN,-29.036917,29.50625
RAN_Howick_North_KZN,-29.466778,30.223861
LTE_Godide_DN_KZN,-28.700917,30.911944
LTE_Madadeni_MTN_DN_KZN,-27.789,30.063639
LTE_Colenso_DN_KZN,-28.736583,29.822722
LTE_Rietkuil_MTN_DN_KZN,-28.472389,29.862417
LTE_Glgnfntn_MTN_DN_KZN,-28.314556,29.989694
LTE_One_Tree_Hill_MTN_DN_KZN,-28.1571,29.962542
LTE_Eendevlei_MTN_DN_KZN,-28.012444,29.972528
RAN_Blue_Ridge_KZN,-27.803472,29.945222
RAN_Newcstle_Central_KZN,-27.755944,29.933944
LTE_Dannhauser_DN_KZN,-28.015611,30.054083
LTE_Louwsburg_DN_KZN,-27.579083,31.270722
LTE_Osizweni_1_DN_KZN,-27.789889,30.129833
LTE_Osizweni_2_DN_KZN,-27.789889,30.129833
RAN_Matthandu_KZN,-27.72175,29.885333
RAN_Duffs_Rd_KZN,-29.740375,31.017897
RAN_Dlebe_KZN,-28.099222,31.333972
RAN_La_Ballito_KZN,-29.532607,31.221081
RAN_Asherville_KZN,-29.828764,30.999689
RAN_Forest_Haven_KZN,-29.688306,31.030333
RAN_Umlazi_Z_Section_KZN,-29.991194,30.878333
RAN_Victoria_Market_KZN,-29.85575494,31.01571723
RAN_St_Annes_KZN,-29.602278,30.384556
RAN_Plessislaer_KZN,-29.640722,30.334083
RAN_Imbali_MTN_KZN,-29.672972,30.352028
LTE_Greytown_East_DN_KZN,-29.058861,30.595528
RAN_Illovo_House_KZN,-29.720333,31.055556
RAN_Noordrigs_KZN,-28.737428,31.899318
RAN_Inyala_Park_KZN,-28.749278,31.9055
RAN_Bridger_Str_KZN,-27.749538,29.9369754
RAN_Paradise_KZN,-27.755861,29.923444
RAN_Lennoxton_KZN,-27.768111,29.918917
RAN_Blaaubosch_KZN,-27.783389,30.100306
RAN_Madadeni_Sction_5_KZN,-27.756028,30.047667
LTE_Accaciavale_DN_KZN,-28.578222,29.797028
LTE_Forderville_DN_KZN,-28.993611,29.862639
RAN_Stanger_Mrning_Sd_KZN,-29.335944,31.300667
RAN_Stanger_Town_View_KZN,-29.337778,31.266028
LTE_Bhekuzulu_DN_KZN,-27.777972,30.821861
RAN_Stegens_KZN,-27.7685,30.789111
RAN_Dunkeld_Rd_MTN_KZN,-29.799306,30.927806
LTE_Ladysmith_MW_DN_KZN,-28.590333,29.788306
LTE_Ezakheni_MTN_DN_KZN,-28.634861,29.856167
LTE_Dundee_MW_DN_KZN,-28.125833,30.214361
RAN_Vryheid_SADF_KZN,-27.767417,30.796222
RAN_Newcastle_MW_KZN,-27.720278,29.952889
RAN_Utrecht_KZN,-27.646389,30.303583
RAN_Oaklands_ATC_KZN,-29.864749,30.7928886
RAN_Padfield_Park_ATC_KZN,-29.797583,30.863694
RAN_Moorton_KZN,-29.903549,30.859924
RAN_Ubjan_Nseleni_MTN_KZN,-28.658028,31.994139
RAN_Newcastle_Ind_KZN,-27.751806,29.984167
LTE_Bergview_DN_KZN,-29.015417,29.423444
RAN_Bembaskop_MTN_KZN,-27.901222,30.608111
LTE_Monkey_Hill_MTN_DN_KZN,-29.104667,31.005639
LTE_Observation_Hill_DN_KZN,-28.532944,29.767222
RAN_Nqutu_KZN,-28.226222,30.679722
LTE_The_Nest_DN_KZN,-28.988167,29.460833
LTE_Winterton_DN_KZN,-28.814444,29.547722
LTE_Jamesons_Drf_DN_KZN,-28.798861,30.9195
LTE_Todden_Farm_DN_KZN,-28.010778,31.057806
LTE_Jordaan_Witrt_MTN_DN_KZN,-28.182111,31.086222
LTE_Makowe_DN_KZN,-27.96125,32.118167
RAN_Kwamtwadlama_KZN,-27.963028,31.950444
RAN_Zilverhout_KZN,-27.850333,31.633611
LTE_Rhinokop_DN_KZN,-28.183056,31.881306
LTE_Bhanganoma_DN_KZN,-27.74725,31.885222
LTE_Ntambanana_DN_KZN,-28.601778,31.748917
RAN_Upper_Nseleni_KZN,-28.564444,31.636167
LTE_Kwaduma_DN_KZN,-28.069917,31.744556
LTE_Ntuthunga_DN_KZN,-28.469861,31.917139
LTE_Mombeni_DN_KZN,-28.98575,31.354083
LTE_Havemanshoogte_DN_KZN,-28.507417,31.18425
RAN_Morris_House_MTN_KZN,-29.90281,30.953827
LTE_Maritz_Dam_DN_KZN,-28.967889,29.586833
LTE_Kwadlamini_DN_KZN,-29.162917,29.665722
LTE_Zwelisha_DN_KZN,-28.682667,29.095639
RAN_Boboyi_KZN,-30.743444,30.399306
LTE_Swayimane_DN_KZN,-29.513167,30.661944
LTE_Ematimatol_DN_KZN,-29.127667,30.777083
RAN_Kings_Park_South1_KZN,-29.825541,31.030009
LTE_Natalia_Internal_DN_KZN,-29.600082,30.3843879
LTE_Westwood_Int_MTN_DN_KZN,-29.828611,30.961111
LTE_Sesikhona_Prim_Atlas_DN_KZN,-28.634922,29.892061
LTE_KZN_Legislature_DN_KZN,-29.601139,30.3829784
RAN_Workshop_KZN,-29.855693,31.0262508
RAN_Embassy_1_KZN,-29.858831,31.0288906
LTE_WildCoast_Sun_MTN_DN_KZN,-31.079889,30.183361
LTE_Durban_CBD_21_DN_KZN,-29.857231,31.028554
RAN_Salisbury_Arcade_KZN,-29.858554,31.0233612
RAN_Durban_Expo_KZN,-29.854139,31.0284175
RAN_Durban_Expo_2_KZN,-29.853582,31.0283336
RAN_The_Marine_1_KZN,-29.860111,31.025999
RAN_The_Wheel_1_KZN,-29.85875,31.037848
RAN_Glenwood_Village_KZN,-29.85438,30.996958
RAN_Kensington_Square_KZN,-29.785266,31.038588
RAN_Albert_Luth_Hosp_KZN,-29.8744444444444,30.9586111111111
LTE_Umdloti_South_DN_KZN,-29.679721,31.1122226
RAN_Umhlanga_Centre_KZN,-29.726347,31.083514
RAN_Umhlanga_Hos_Int_KZN,-29.72792888,31.069159401
RAN_Village_Off_Park_KZN,-29.794897,30.84374
LTE_Kloof_Mall_DN_KZN,-29.791166,30.8330001
LTE_Fields_Centre_DN_KZN,-29.793527,30.834213
LTE_Rainbow_Hammars_DN_KZN,-29.798334,30.6519451
RAN_Maxmead_KZN,-29.805555,30.8474998
LTE_Sapref_DN_KZN,-29.974399,30.968728
LTE_Seadoone_Mall_DN_KZN,-30.065359,30.869866
RAN_Chatsworth_Cnt_1_KZN,-29.913345,30.881047
RAN_Chatsworth_Cnt_2_KZN,-29.914411,30.8833351
RAN_Tweni_Centre_KZN,-30.723054,30.4669437
RAN_Greenhart_Village_KZN,-30.99011,30.274805
RAN_Weza_Saw_Mill_KZN,-30.58361,29.7447223
RAN_Bazley_KZN,-30.452777,30.6513881
RAN_Club_Marina_KZN,-30.44111,30.6494445
LTE_Van_Reenen_Pass_DN_KZN,-28.388915,29.389806
RAN_EPI_Garden_Clinic_KZN,-28.73611,31.8936119
RAN_Empangeni_Sanlm_1_KZN,-28.7421111111111,31.8895
RAN_Empangeni_Sanlm_2_KZN,-28.7413333333333,31.8901944444444
RAN_Empangeni_Sanlm_3_KZN,-28.7404444444444,31.89075
RAN_Alkantstrand_KZN,-28.801656,32.094863
RAN_Blythdale_Beach_MC1_KZN,-29.374166,31.3469448
RAN_Zimbali_Bh_Lodge_KZN,-29.547764,31.211183
RAN_Cascades_Centre_KZN,-29.571388,30.3588886
RAN_Greytown_Pannar_KZN,-29.081138,30.601587
LTE_Natalia_DN_KZN,-29.600222,30.383964
LTE_Nedbank_Plaza_DN_KZN,-29.616565,30.394403
LTE_Golden_Horse_DN_KZN,-29.61111,30.400278
RAN_Silverglen_KZN,-29.92624,30.895979
LTE_Treasury_Hse_DN_KZN,-29.6008333333333,30.3788888888889
RAN_Jesser_Point_Cntr_KZN,-27.545555,32.6697578
LTE_Babanango_Valley_DN_KZN,-28.292861,31.014528
LTE_Strathmore_Park_DN_KZN,-28.174316,30.215895
RAN_Eastbury_Baptist_CC_KZN,-29.701849,31.022359
RAN_Isihlonyane_Atlas_KZN,-30.548458,30.587047
RAN_Littlemore_Farm_KZN,-29.495692,30.218419
LTE_Nordale_MTN_DN_KZN,-28.399694,32.218389
LTE_Dondotha_MTN_DN_KZN,-28.550167,31.8791675
LTE_Williams_Place_DN_KZN,-28.170692,30.233788
RAN_KwaDengetu_MTN_KZN,-29.133194,31.341972
RAN_Pardy_Rd_CP_KZN,-29.985444,30.927646
RAN_Enduduzweni_Centre_MTN_KZN,-29.9687,30.9114
RAN_Bellair_ATC_KZN,-29.8919611111111,30.9572805555556
RAN_Currys_Post_ATC_KZN,-29.3574,30.1302
RAN_Selsdon_Park_MTN_KZN,-30.953,30.2883
LTE_Grindrod_Logistics_Umlaas_Rd_KZN,-29.729189,30.511072
RAN_Fairway_On_Main_Howick_Atlas_KZN,-29.495578,30.23339
RAN_Holiday_Inn_E_Ext_MTN_KZN,-29.728003,31.071486
RAN_Protea_H_Int_MTN_KZN,-29.724024,31.069147
RAN_Kwacutshwayo_Prim_Atlas_KZN,-29.840789,30.795541
LTE_Enyokeni_MTN_DN_KZN,-27.964161417,31.513157622
RAN_Madadeni_M_Atlas_KZN,-27.767912,30.070753
RAN_Quadrant_KZN,-29.719775,31.063687
RAN_Satin_Farm_KZN,-30.580987,29.920466
RAN_Mzingazi_ATC_KZN,-28.761012,32.13189
LTE_Hopewell_MTN_DN_KZN,-29.7913,30.3927
RAN_Magic_Pot_Store_MTN_KZN,-29.06405,30.58833
LTE_White_Mt_Lodge_DN_KZN,-29.10921,29.612683
RAN_Princes_Grant_KZN,-29.3393444444444,31.373875
LTE_Reservoir_Dect_DN_KZN,-30.75583333,30.35052778
LTE_Umzimkulu_Town_DN_KZN,-30.26427393,29.937800564
RAN_Hibberdene_Old_Apostolic_Church_Atlas_KZN,-30.57293,30.57342
LTE_Khangelani_MTN_DN_KZN,-28.571601252,32.035644138
RAN_Kubu_KZN,-29.773355,30.996627
RAN_KSIA_Intchange_CC_KZN,-29.633034,31.121926
RAN_Sibaya_Entrance_KZN,-29.67828,31.100125
RAN_Intersite_Ave_KZN,-29.813339,31.000655
RAN_Greys_Hosp_PMB_KZN,-29.582729,30.362673
LTE_Jozini_Town_DN_KZN,-27.429956,32.068763
LTE_Gunjaneni_DN_KZN,-28.24965,32.11257
RAN_Umhlatuzana_ATC_KZN,-29.904536,30.923643
RAN_Springhaven_Prim_Schl_Atlas_KZN,-29.544982,30.411764
RAN_Grindrod_Mews_Int_KZN,-29.86111,31.023398
LTE_Ophande_Telkom_DN_KZN,-27.45425,32.114778
RAN_Othobini_Telkom_KZN,-27.414972,32.102028
RAN_Chartwell_KZN,-29.726691,31.085428
RAN_Makatini_CC_KZN,-27.404433,32.186847
RAN_North_Ridge_Rd_KZN,-29.820267,31.011018
LTE_Lindizwe_DN_KZN,-27.92897,31.647868
RAN_Linpark_High_Atlas_KZN,-29.603417,30.316961
RAN_Izwilesizwe_Dect_KZN,-29.68809,30.336939
RAN_Sibaya_CP_KZN,-29.6886,31.10543
RAN_Rietvlei_KZN,-30.49279,29.82657
RAN_Armstrong_Ave_KZN,-29.7406583333333,31.0665944444444
RAN_Mega_City_KZN,-29.95578485,30.940656526
RAN_Kenyon_Howden_1_KZN,-29.922481,30.957977
RAN_Revival_Church_KZN,-29.892423,30.946901
RAN_St_Wendolins_Rige_KZN,-29.873188,30.856577
LTE_Amandawe_Atlas_DN_KZN,-30.25852,30.711703
RAN_Latter_Rain_MTN_KZN,-29.790299,31.022818
RAN_Highway_Hospice_KZN,-29.83179,30.971136
LTE_Ntsikeni_DN_KZN,-30.11243,29.59746
RAN_Marginella_KZN,-29.667579392,31.120328606
LTE_Gate_pCell_1_MTN_DN_KZN,-29.72458221,31.065607287
LTE_Gate_pCell_2_MTN_DN_KZN,-29.724636353,31.065610576
LTE_Gate_pCell_3_MTN_DN_KZN,-29.724681472,31.065613316
RAN_Shepstone_Rd_KZN,-29.798249,30.88477
RAN_Cabana_Beach_2_KZN,-29.723703,31.08899
RAN_Tuvogezi_MTN_KZN,-30.725667,30.092532
RAN_Sisonke_SS_ATC_KZN,-29.9805166666667,30.8799222222222
RAN_Hayfields_Centre_RT_KZN,-29.624253,30.408756
RAN_Grosvenor_KZN,-29.906775,31.0140722222222
LTE_Endumeni_Prim_Schl_MTN_DN_KZN,-28.18476,30.23304
RAN_Copesville_Prim_Atlas_KZN,-29.55569,30.445306
RAN_Sithembile_Atlas_KZN,-28.199718,30.16069
RAN_Phoenix_Ind_CP1_DN_KZN,-29.714095,30.993984
RAN_Nogwaja_Lane_KZN,-29.76598,30.99217
RAN_Nkabini_DN_KZN,-29.727741,30.123923
RAN_Karbochem_KZN,-27.783153,29.968488
LTE_Simunye_DN_KZN,-28.567972,31.472139
LTE_Mashayilanga_DN_KZN,-29.95343,29.60852
LTE_4U_South_Coast_Mall_PIcco_KZN,-30.79836,30.40531
LTE_Lusutu_DN_KZN,-29.9955,29.4375
LTE_Phakwe_DN_KZN,-28.83425,30.6873055555556
RAN_Ndombeni_KZN,-28.198,32.22908
RAN_Nhlwathi_KZN,-28.029355,31.985066
RAN_Njampela_KZN,-27.9631,31.72835
RAN_Msebe_KZN,-27.81022,31.80371
LTE_Kwambuzi_DN_KZN,-27.7757,31.71853
LTE_Nkosiyethu_DN_KZN,-27.89416,31.6412
LTE_Kohlokolo_DN_KZN,-28.02431,31.49422
LTE_Hlabisa_Exch_DN_KZN,-28.145222,31.876083
LTE_Qongqo_DN_KZN,-28.05745,31.67813
LTE_Maye_DN_KZN,-28.14666,31.74153
LTE_Mahlakwe_DN_KZN,-27.51231,32.54465
RAN_Vimbukhalo_KZN,-27.369345,32.525891
LTE_Gedleza_DN_KZN,-27.50879,32.22676
LTE_Ophande_North_DN_KZN,-27.435779,32.094158
LTE_Ngubo_DN_KZN,-28.70763,30.3564
LTE_Nondabuya_DN_KZN,-27.3348,32.12391
RAN_Kwaphawini_KZN,-27.30841,32.19971
LTE_Mengu_KZN,-27.11852,32.27594
RAN_Nonjinjikazi_KZN,-27.05997,32.132356
LTE_Impala_1_DN_KZN,-26.95933,32.19386
LTE_Embonisweni_DN_KZN,-27.074661,32.468408
LTE_Thengani_DN_KZN,-26.99733,32.73716
RAN_Mafemfundo_KZN,-28.55999,30.4981
RAN_Ngonini_KZN,-28.32751,30.54359
RAN_Bhaza_KZN,-28.63914,30.28376
LTE_Pollock_DN_KZN,-28.294,30.61356
RAN_Zenzele_KZN,-28.49001,30.35434
RAN_Embangweni_KZN,-28.80777,30.38533
LTE_GreyvilleRC_7_DN_KZN,-29.841946,31.013119
LTE_GreyvilleRC_8_DN_KZN,-29.843033,31.011457
RAN_Khuthala_JP_Schl_Atlas_KZN,-29.9701888888889,30.8640055555556
LTE_Charlestown_DN_KZN,-27.421824,29.879003
LTE_Vodacom_Shop_Bluff_Mall_pCell_KZN,-29.923441015,31.003053262
RAN_Palmhaven_Heights_MTN_KZN,-29.6853,31.0159
RAN_72_Rosemanor_MTN_KZN,-29.671063,31.008667
RAN_Shastri_North_KZN,-29.6686333333333,31.0209361111111
RAN_Kwabangibizo_MTN_KZN,-30.51333,30.55194
RAN_Ambergate_KZN,-29.917465,31.001268
RAN_Umbilo_Ind_ATC_KZN,-29.88742,30.98655
LTE_Kwanobamba_DN_KZN,-28.839432,30.110084
RAN_Mazabeko_KZN,-28.55925,30.59684
LTE_Nkamba_DN_KZN,-28.61992,30.43829
LTE_Rutland_TB_MTN_DN_KZN,-27.926508,30.209953
LTE_Kwamdakane_DN_KZN,-27.92708,30.15841
LTE_Vodacom_4UShop_Hillcrest_Corner_pCell_KZN,-29.781254063,30.76243507
LTE_Nkandla_Town_DN_KZN,-28.62046,31.089694
LTE_Vodacom_Shop_Midway_Crossing_pCell_KZN_New,-29.764084,30.94865
LTE_Esikhwebezane_DN_KZN,-27.906545,31.459392
LTE_KwaQunwane_DN_KZN,-28.070986,31.837428
LTE_Witkop_1_DN_KZN,-28.261556,30.842115
RAN_Lakeside_Park_MTN_KZN,-27.794441,30.810992
LTE_Game_Capture_DN_KZN,-28.282499,31.9858341
LTE_Esigodini_DN_KZN,-28.126306,30.77927
RAN_Eros_CC_KZN,-30.6069,29.9053
RAN_Ekocabangeni_Dect_KZN,-28.212038,30.66133
LTE_Sgedlane_DN_KZN,-28.9231,31.01151
LTE_Boardwalk_uCell_MTN_1_DN_KZN,-28.752825,32.05075
RAN_Nkweme_KZN,-27.85432,31.898948
RAN_Enqupheni_KZN,-28.34767,32.17591
RAN_Vryheid_South_Atlas_KZN,-27.778176,30.799652
RAN_St_Chads_Atlas_KZN,-28.574303,29.906792
LTE_HIGC_Marine_Par_A_DN_KZN,-29.853747,31.038197
LTE_HIGC_Marine_Par_B_DN_KZN,-29.853747,31.038197
RAN_Emakhosini_KZN,-29.73718486,30.987450622
RAN_Emgidweni_KZN,-29.751529,30.991545
RAN_Peoples_Park_3_CP_KZN,-29.831667,31.030703
LTE_Drakensberg_Sn_Ht_DN_KZN,-29.0073666666667,29.4230722222222
RAN_Paradise_Dr_KZN,-29.774153,30.90201
RAN_Jabula_KZN,-29.73723,31.0036
LTE_Ridgeside_DN_KZN_Test,-29.738104569,31.06925943
LTE_Gate_pCell4_MTN_DN_KZN,-29.724726591,31.065616056
LTE_Gate_pCell5_MTN_DN_KZN,-29.72477171,31.065618797
LTE_Gate_pCell6_MTN_DN_KZN,-29.724816829,31.065621537
RAN_Bluff_Mil_MTN_KZN,-29.89054,31.04672
RAN_FNB_UMH_MTN_KZN,-29.730403,31.069131
RAN_La_Lucia_M_MTN_A_KZN,-29.753458,31.064613
RAN_La_Lucia_M_MTN_B_KZN,-29.753458,31.064613
RAN_KwaMa_Hos_North_KZN,-29.741014,30.997994
RAN_KwaMa_Hos_West_KZN,-29.746236,30.993511
RAN_KwaMa_Hos_South_KZN,-29.74479,31.001756
RAN_Mahlabatini_WT_MTN_KZN,-28.2299111111111,31.4680805555556
RAN_Umgababa_Atlas_KZN,-30.14485,30.823469
RAN_Kwamanzini_Primary_Atlas_KZN,-29.8432611111111,30.7705027777778
RAN_Underberg_Atlas_KZN,-29.791672,29.494275
RAN_Brighton_Beach_East_KZN,-29.929976,31.010907
RAN_Thokoza_KZN,-28.33669813,31.416363514
LTE_KwaNgcongangconga_MTN_DN_KZN,-29.35396,30.93281
LTE_Dokolwane_DN_KZN,-27.380767,31.999787
RAN_Escombe_East_ATC_KZN,-29.867333,30.915639
LTE_Dumbe_Atlas_DN_KZN,-27.403742,30.822184
RAN_DBN_CBD_CP2_KZN,-29.863421,31.014059
RAN_DBN_CBD_CP3_KZN,-29.861273,31.013538
RAN_DBN_CBD_CP4_KZN,-29.863584,31.018724
RAN_DBN_CBD_CP5_KZN,-29.861761,31.022491
RAN_DBN_CBD_CP6_KZN,-29.858904,31.028252
RAN_Umzinto_South_MTN_KZN,-30.328222,30.659972
RAN_DBN_CBD_CP8_KZN,-29.85728,31.02167
RAN_DBN_CBD_CP9_KZN,-29.856373,31.019268
RAN_Game_City_1_KZN,-29.84111,31.0216941
RAN_Game_City_2_KZN,-29.841806,31.0214729
RAN_Windermere_Centre_KZN,-29.831972,31.0201396
RAN_Ithbe_RSCW_Telkom_KZN,-29.085556,31.4247226
RAN_Mathibelana_Atlas_KZN,-28.917564,31.418482
RAN_Moseley_Park_ATC_KZN,-29.848944,30.874417
RAN_Elangeni_KZN,-29.846088,31.034726
RAN_Melomed_KZN,-28.770896,31.934676
LTE_Khula_Village_DN_KZN,-28.386067,32.358184
LTE_Hoho_DN_KZN,-28.432926,32.079866
LTE_Myeki_Myeki_DN_KZN,-28.308306,32.087286
RAN_Montclair_North_KZN,-29.9188805555556,30.9713111111111
RAN_Tshelimnyama_KZN,-29.853509,30.81377
RAN_BlinkWtr_ATC_KZN,-27.409778,30.940672
RAN_Novunywa_Prim_Schl_CC_KZN,-30.01221,30.89676
LTE_Mamfene_DN_KZN,-27.339796,32.215617
LTE_Malobeni_Store_Dect_DN_KZN,-27.453542,32.300308
RAN_Parklands_Hosp_KZN,-29.833291,30.998782
LTE_Mariasheuwel_DN_KZN,-28.591622,29.607964
LTE_Esphahleni_DN_KZN,-27.520814,32.611913
LTE_Meccema-1_C_Club_DN_KZN,-29.715791,31.045902
RAN_Sunford_KZN,-29.6932777777778,31.0100138888889
RAN_Narainsamy_Temple_MTN_KZN,-29.775421,30.966766
0,-29.59705,30.370109
RAN_Castle_Hill_West_KZN,-29.760926826,30.946795493
RAN_Kloof_East_ATC_KZN,-29.790444,30.847194
RAN_Emlandweni_KZN,-29.74308,30.982355
RAN_Kwakomo_MTN_KZN,-28.780694,31.178444
LTE_Bisshops_Court_MTN_DN_KZN,-29.7343611111111,31.0499694444444
LTE_MECCEMA_2_Pani_DN_KZN,-29.728595,31.048601
RAN_Nhlungwane_ATC_KZN,-29.7194,30.97435
RAN_Redcliffe_MTN_KZN,-29.6379,31.0118
RAN_N2_Avoca_CP1_KZN,-29.764703,31.006862
RAN_Buffels_Kloof_MTN_KZN,-29.5747,31.0892
RAN_Umlazi_Unt24_ATC_KZN,-29.981333,30.871215
RAN_Umlazi_Unt21_ATC_KZN,-29.995389,30.889083
RAN_153_Kensington_Dr_MTN_KZN,-29.771429,31.046382
RAN_Beachway_CP1_KZN,-29.777688,31.043279
LTE_Stafford_Farm_MTN_DN_KZN,-30.1295,29.332
LTE_Mzilikazi_MTN_DN_KZN,-30.952083,30.195167
RAN_Madadeni_E_Atlas_KZN,-27.762291,30.048906
LTE_Cecilia_Ekuseni_Atlas_DN_KZN,-27.909768,29.87716
RAN_Zimbali_Tennis_ATC_KZN,-29.545692,31.197078
RAN_Russel_and_Vic_Embankment_CP1_KZN,-29.8653,31.0167
RAN_Inanda_Congo_KZN,-29.688234,30.959655
RAN_Bay_Hospital_KZN,-28.75,32.0533332
RAN_Bay_Hospital_Int_KZN,-28.75,32.0533332
RAN_Phola_Mission_KZN,-29.67493,30.923702
RAN_Overport_South_CP1_KZN,-29.84101403,30.9961829
RAN_Whetstone_CP1_KZN,-29.704209,30.981972
LTE_Spilonk_Hoogte_DN_KZN,-27.574358,32.047727
LTE_Bethesda_DN_KZN,-27.588257,32.099982
LTE_Egagasini_DN_KZN,-27.20266667,32.551
RAN_Southmead_AFM_Atlas_KZN,-29.871768751,30.844715315
LTE_Sdumo_Atlas_DN_KZN,-28.003125,31.334336
RAN_Sibaya_KZN,-29.682722,31.10125
LTE_Colt_Transport_Pcell_KZN,-29.650962,30.412541
RAN_Mandlanzi_Tkm_KZN,-27.637471,32.355194
LTE_Mphola_DN_KZN,-27.977457,31.877958
RAN_Sinaye_Prim_Nseleni_A_Atlas_KZN,-28.663309,32.023786
RAN_Genzinsila_A_KZN,-28.885965,31.494785
RAN_Izingolweni_Telkom_KZN,-30.76745,30.07988
LTE_Enkululekweni_Prim_Atlas_DN_KZN,-27.742717,30.177753
LTE_Zaqhele_Telkom_DN_KZN,-27.27625,31.292
RAN_Esikhawini_Township_MTN_KZN,-28.8753,31.9158
LTE_Phambili_1_KZN,-29.416243,30.896306
LTE_Kwaziba_DN_KZN,-29.147412,30.8042
RAN_Velabandhla_Atlas_KZN,-28.678396,32.208583
LTE_Pavilion_Int1_DN_KZN,-29.847766,30.936512
LTE_Pavilion_Int2_DN_KZN,-29.85025,30.9330833333333
RAN_Meer_en_See_Church_Atlas_KZN,-28.779049,32.109238
LTE_2_Wingate_Ave_MTN_DN_KZN,-30.8392,30.3694
LTE_Pavilion_Int3_DN_KZN,-29.8503608703613,30.9332504272461
RAN_Nzalabantu_Atlas_KZN,-28.719456,32.161495
LTE_Vulintaba_Country_Estate_DN_KZN,-27.7734,29.77776
LTE_Midlands_Mall_Int_DN_KZN,-29.582444,30.378361
RAN_Carbon_Quay_MTN_KZN,-28.8378,32.0481
RAN_Moorton_East_ATC_KZN,-29.901,30.8735
RAN_Phoenix_Wattle_MTN_KZN,-29.9305,30.47529
RAN_Amatikwe_KZN,-29.687551,30.935446
LTE_Castleburn_DN_KZN,-29.748611,29.3019447
LTE_Ladysmith_Swimmingpool_MTN_DN_KZN,-28.575756,29.78182
RAN_Goqokazi_KZN,-29.677833,30.969659
RAN_Howick_Lenmed_KZN,-29.478051,30.218382
RAN_Newcastle_Mediclinic_MTN_KZN,-27.770687,29.932774
RAN_Lions_Grove_Atlas_KZN,-30.738962,30.421798
RAN_Imbali_T_KZN,-29.65797,30.33709
RAN_Good_Hope_MW_KZN,-30.753683,30.257244
RAN_Ravenhill_KZN,-30.721331,30.054604
LTE_Shelly_Beach_Hosp_DN_KZN,-30.8022,30.4036
RAN_Hermanus_DBN_KZN,-30.60034,29.995368
LTE_Sani_Valley_DN_KZN,-29.6725,29.4786111111111
RAN_Madadeni_C_Atlas_KZN,-27.74007,30.030035
RAN_Blauwboschlaagte_Atlas_KZN,-27.7847,30.089
RAN_Edendale_ATC_KZN,-29.648389,30.31925
RAN_Gezubuso_Lookout_Gyro_KZN,-29.67451917,30.217964061
RAN_Veld_en_Vlei_MTN_KZN,-28.739118,32.052183
RAN_North_Crest_Prim_Schl_MTN_KZN,-29.781274,31.026235
RAN_Shayemoya_Res_MTN_KZN,-29.436694,31.21025
RAN_Teku_West_KZN,-27.752542,30.023009
RAN_The_Executive_KZN,-29.73987222,31.059854
RAN_M4_CP1_KZN,-29.746071,31.071785
LTE_Sappi_The_Clan_DN_KZN,-29.380821,30.41331
RAN_Alencon_Prim_Atlas_KZN,-29.9041777777778,30.8990083333333
LTE_Eden_Gardens_Hosp_Int_DN_KZN,-29.642349,30.358192
RAN_Transnet_Lodge_MTN_KZN,-29.651239,30.346553
LTE_Amanzimnyama_Hill_MTN_DN_KZN,-29.571531,31.130071
LTE_Suncoast_Casino_DN_KZN,-29.836698493,31.035168541
LTE_Ngudwini_DN_KZN,-29.011361,31.244472
RAN_Grays_Inn_CP_KZN,-29.926445,31.002344
RAN_Tara_Rd_CP_KZN,-29.946625,30.982346
RAN_Balfour_Rd_CP_KZN,-29.927173,30.979827
RAN_Gateway_Pvt_Hosp_MTN_KZN,-29.722602,31.07246
LTE_Soccer_Field_MTN_DN_KZN,-29.72575,31.0409444444444
LTE_Merrick_Hills_MTN_DN_KZN,-29.7257777777778,31.0561666666667
RAN_Pinetown_CP2_KZN,-29.810962,30.849272
RAN_DBN_CBD_CP12_KZN,-29.850002,30.990678
RAN_Westville_CP1_KZN,-29.8325333333333,30.9405111111111
LTE_Shikishela_DN_KZN,-28.262493,32.257974
RAN_Watercrest_Mall_Int_MTN_KZN,-29.747946,30.813827
LTE_Mbodleni_Hilltop_MTN_DN_KZN,-29.86884,29.83078
RAN_Serowe_Rd_MTN_KZN,-29.909382,31.030481
RAN_Moseley_Park_MTN_KZN,-29.857318,30.892935
RAN_St_Boniface_MTN_KZN,-29.797906,30.895763
RAN_Diep_Kloof_Sec_KZN,-30.38046,29.948961
RAN_Wembezi_Sec_ATC_KZN,-29.04847,29.78573
RAN_Muntza_Prim_ATC_KZN,-29.05175,29.776542
LTE_Embundweni_DN_KZN,-29.643627,30.261844
RAN_Harewood_KZN,-29.638177,30.314111
LTE_Swartkops_Exch_MTN_DN_KZN,-29.6069,30.2661
RAN_Edendale_T_Atlas_KZN,-29.674403,30.33024
LTE_Ndaleni_Township_MTN_DN_KZN,-29.8936,30.2298
LTE_Kirkness_Rd_ATC_DN_KZN,-28.505726,29.565578
RAN_Manor_House_1_KZN,-29.826389,31.0133342
RAN_Durban_Station_2_KZN,-29.843889,31.0249996
LTE_Devan_Redhi_pCell_DN_KZN,-29.8292111111111,30.9378388888889
RAN_Nyoni_MTN_KZN,-29.060556,31.457778
LTE_Magenini_N3_DN_KZN,-28.711218,29.647211
RAN_Inkanyiso_Special_Sch_MTN_KZN,-27.774722,30.813333
LTE_KuMhlosheni_MTN_DN_KZN,-28.4053,31.7047
RAN_Mabuyeni_MTN_KZN,-28.8536,31.9433
LTE_Estcourt_Agrico_Atlas_DN_KZN,-29.002911,29.85935
LTE_Ceza_Zembeni_MTN_DN_KZN,-27.9958,31.3608
RAN_Mduku_MTN_KZN,-27.8256,32.38
LTE_Sizakancane_Prim_Schl_Atlas_DN_KZN,-27.796229,30.08469
RAN_Doktorskop_Farm_MTN_KZN,-29.325387,31.276039
LTE_Vodashop_KwaDakuza_Mall_DN_KZN,-29.33281381,31.295066441
RAN_Drakensberg_Church_Atlas_KZN,-27.7244,29.9371
RAN_KwaNgongolo_Hill_MTN_KZN,-28.752871,30.296345
RAN_Mandlazini_CTC_MTN_KZN,-28.7172,32.0169
RAN_Gaybrook_Lookout_MTN_KZN,-30.52155,29.69167
LTE_Nyamazane_Hill_MTN_DN_KZN,-29.186667,31.108333
RAN_Bethamoya_High_Atlas_KZN,-27.745462,30.043965
RAN_NG_Kerk_Vryheid_West_Atlas_KZN,-27.777607,30.786423
RAN_CMA_Centre_MTN_KZN,-29.923274,30.892124
RAN_Wembesi_C_Atlas_KZN,-29.039378,29.771433
RAN_Bhuqwini_High_Atlas_KZN,-28.521283,30.836803
RAN_Xolani_High_Atlas_KZN,-27.782883,30.115689
RAN_Coedmore_Prim_Atlas_KZN,-29.9288472222222,30.9320888888889
RAN_Phumuzuzulu_Prim_Atlas_KZN,-29.7061277777778,30.9433166666667
RAN_Isipingo_Hills_Prim_Atlas_KZN,-29.990497,30.918198
RAN_Dianthus_Prim_Atlas_KZN,-29.646927,31.036565
RAN_Sastri_Park_Sec_Atlas_KZN,-29.673565,31.015685
LTE_Vodacom_Shop_Watercrest_pCell_DN_KZN,-29.7486144,30.8139846
RAN_Hillcrest_Old_Apostolic_Church_Atlas_KZN,-29.7734305555556,30.7626194444444
RAN_Merebank_West_CP1_KZN,-29.95234,30.969438
RAN_Lloyd_Place_MTN_KZN,-29.89463273,30.909628658
RAN_Moorton_Heights_Prim_Atlas_KZN,-29.9068833333333,30.8656861111111
RAN_Siyathokoza_SP_Atlas_KZN,-30.0384888888889,30.8646083333333
RAN_Fredville_ATC_KZN,-29.689199,30.684974
RAN_Fundakahle_PS_ATC_KZN,-29.96822,30.88242
RAN_Meadowlands_SS_ATC_KZN,-29.921058,30.8752639
LTE_Kilmun_DN_KZN,-29.936556,29.498944
RAN_Playfair_Molyneux_CP1_KZN,-29.847464,31.0341
RAN_Joe_Cools_CP1_KZN,-29.849331,31.03725
RAN_O_R_Tambo_Serridge_CP1_KZN,-29.85192,31.03848
RAN_Workshop_Parking_CP1_KZN,-29.85439,31.0249
RAN_Peoples_Parks_West_CP1_KZN,-29.83571,31.028392
RAN_North_Ridge_RD_Engen_CP1_KZN,-29.82393,31.00912
RAN_Oppenheimer_Rd_N2_CP1_KZN,-30.024872,30.911351
RAN_5_Richmond_Rd_Alexander_CP1_KZN,-29.82501,30.83543
RAN_Stanmore_Municipal_Pool_CP1_KZN,-29.698086,31.025293
RAN_Crompton_Shepstone_CP1_KZN,-29.80711,30.86838
RAN_St_Johns_Ave_Park_Old_Main_RD_CP1_DN_KZN,-29.817031,30.86706
RAN_M19_Eskom_Rd_CP1_KZN,-29.811481,30.878502
RAN_Pavilion_Center_CP1_KZN,-29.848925,30.931915
RAN_Masuku_Rd_Chesterville_CP1_KZN,-29.850519,30.946248
RAN_Clare_RD_CP1_KZN,-29.822179,30.977342
RAN_Midmar_Rd_CP1_KZN,-29.89765,30.8872
RAN_Lyndhurst_Prim_Schl_MTN_KZN,-29.78167284,30.874965698
RAN_Cornubia_Mall_DAS_MTN_A_KZN,-29.7125,31.0537
RAN_Cornubia_Mall_DAS_MTN_B_KZN,-29.7125,31.0537
LTE_Umlazi_Mega_City_DAS_A_DN_KZN,-29.9538,30.9402
LTE_Umlazi_Mega_City_DAS_B_DN_KZN,-29.9538,30.9402
RAN_Dongothuli_Atlas_KZN,-27.926987,31.879609
LTE_Zweliyazuza_Primary_Atlas_DN_KZN,-29.68281,30.10731
LTE_Margate_Airport_Temp_DN_KZN,-30.859815,30.343512
RAN_Ecekeza_KZN,-30.527023,30.024247
LTE_Izingolweni_RCS_Dect_KZN,-30.837347,30.102069
LTE_Mombeni_Community_Hall_DN_KZN,-27.292112,31.983727
RAN_Scheepers_Rus_Atlas_KZN,-27.9099,30.9497
RAN_Ballito_Junction_MTN_A_KZN,-29.525615,31.203141
RAN_Ballito_Junction_MTN_B_KZN,-29.525615,31.203141
LTE_Braksloot_Garage_MTN_DN_KZN,-28.057778,31.045
LTE_Manguzi_Taxi_DN_KZN,-26.989217,32.754437
RAN_Geere_Str_KZN,-29.60909,30.385662
RAN_Maple_Rd_KZN,-29.59933,30.39771
RAN_Commercial_Rd_West_KZN,-29.598808,30.37524
RAN_Oxford_Str_KZN,-29.603236,30.369569
RAN_Devonshire_Rd_Transnet_KZN,-29.611554,30.369044
RAN_Edendale_Rd_R103_KZN,-29.6202372,30.370317186
RAN_Woodlands_PMB_Mob_KZN,-29.581012,30.388816
RAN_Ruth_First_Athlone_Dr_CP1_KZN,-29.814081,31.037678
RAN_Intaba_Ridge_MTN_KZN,-29.695526,30.38971
LTE_Gazini_DN_KZN,-26.897495,32.665586
LTE_Thelizolo_DN_KZN,-26.894992,32.770811
RAN_Border_Post_KZN,-26.864628,32.830168
LTE_Ahmed_Al_Kadi_Hosp_DAS_DN_KZN,-29.844257,30.978549
RAN_Kennedy_Rd_CP1_KZN,-29.8117,30.9778
RAN_Rippon_Rd_CP1_KZN,-29.8294,30.9796
RAN_Ottawa_Tulip_Rd_Atlas_KZN,-29.6718055555556,31.0328777777778
RAN_Eskhululiwe_Atlas_KZN,-29.7096388888889,30.9557694444444
RAN_Zwelibanzi_High_Schl_Atlas_KZN,-29.952075,30.8628083333333
RAN_Clermont_North_Atlas_KZN,-29.8003027777778,30.9032
RAN_Bhekaphambili_Prim_Atlas_KZN,-29.939175,30.933972
RAN_Hambanati_Atlas_KZN,-29.5579111111111,31.1189777777778
LTE_Siyajabula_High_Schl_Atlas_DN_KZN,-29.6955305555556,30.7554777777778
RAN_Ferropark_Atlas_KZN,-28.733317,32.035953
RAN_Arboretum_Church_Atlas_KZN,-28.75895126,32.061697588
RAN_Ukusa_Senior_Sec_Atlas_KZN,-29.8105305555556,30.6142444444444
RAN_Ndabazezwe_Lower_Prim_Atlas_KZN,-29.7562055555556,30.9648277777778
RAN_Eric_Mtshali_Sec_Atlas_KZN,-29.7699083333333,30.8839277777778
RAN_Kwamyeza_Prim_Schl_Atlas_KZN,-29.8228138888889,30.6560722222222
RAN_Clermont_South_Atlas_KZN,-29.7902777777778,30.8890666666667
RAN_Phila_Combined_Prim_Schl_Atlas_KZN,-29.9533083333333,30.8918138888889
RAN_Duduzani_Prim_Schl_Atlas_KZN,-29.742261,30.942812
LTE_Vodacom_4UShop_Midlands_Mall_pcell_DN_KZN,-29.582813,30.378007
